lag1,lag2,ma3,target
56.79999923706055,56.86000061035156,56.926666259765625,73.80100059509277
57.119998931884766,56.79999923706055,56.89666620890299,75.03600158691407
56.77000045776367,57.119998931884766,57.20333353678385,74.16499900817871
57.720001220703125,56.77000045776367,57.18000030517578,71.77299880981445
57.04999923706055,57.720001220703125,56.65999984741211,74.24300079345703
55.209999084472656,57.04999923706055,56.45666631062826,76.1540023803711
57.11000061035156,55.209999084472656,56.96666717529297,75.10100059509277
58.58000183105469,57.11000061035156,57.820000966389976,75.41299781799317
57.77000045776367,58.58000183105469,58.12000020345052,75.93299980163575
58.0099983215332,57.77000045776367,58.063332875569664,75.54300079345704
58.40999984741211,58.0099983215332,58.176666259765625,71.7209976196289
58.11000061035156,58.40999984741211,57.22999954223633,72.74799880981446
55.16999816894531,58.11000061035156,56.41333262125651,72.92999801635742
55.959999084472656,55.16999816894531,55.74333190917969,75.95900039672851
56.09999847412109,55.959999084472656,56.82999928792318,75.95900039672851
58.43000030517578,56.09999847412109,57.653333028157554,76.96000099182129
58.43000030517578,58.43000030517578,58.686667124430336,76.72600059509277
59.20000076293945,58.43000030517578,58.88333384195963,77.01200218200684
59.02000045776367,59.20000076293945,59.153334299723305,76.38799781799317
59.2400016784668,59.02000045776367,59.00666681925456,76.93400039672852
58.7599983215332,59.2400016784668,59.06000010172526,78.09099960327148
59.18000030517578,58.7599983215332,59.33666610717773,78.27299880981445
60.06999969482422,59.18000030517578,59.81999969482422,79.22199821472168
60.209999084472656,60.06999969482422,60.40666580200195,79.20900039672851
60.93999862670898,60.209999084472656,60.69333267211914,79.58600158691407
60.93000030517578,60.93999862670898,61.03000005086263,78.57199821472167
61.220001220703125,60.93000030517578,60.86333338419596,78.67600059509277
60.43999862670898,61.220001220703125,60.72666676839193,79.44300079345703
60.52000045776367,60.43999862670898,60.68999989827474,80.18400039672852
61.11000061035156,60.52000045776367,61.10333379109701,80.23600158691407
61.68000030517578,61.11000061035156,61.50333404541016,80.18400039672852
61.720001220703125,61.68000030517578,61.6933339436849,79.37800178527833
61.68000030517578,61.720001220703125,61.48666763305664,79.53400039672852
61.060001373291016,61.68000030517578,61.30666732788086,81.96499900817871
61.18000030517578,61.060001373291016,61.76333363850912,82.25100059509278
63.04999923706055,61.18000030517578,62.5,81.51000099182129
63.27000045776367,63.04999923706055,63.00666681925456,77.49300079345703
62.70000076293945,63.27000045776367,61.86000061035156,77.42800178527833
59.61000061035156,62.70000076293945,60.62333424886068,76.75200119018555
59.560001373291016,59.61000061035156,59.403334299723305,75.50400238037109
59.040000915527344,59.560001373291016,58.89333470662435,75.69899940490723
58.08000183105469,59.040000915527344,58.45000076293945,75.15300178527832
58.22999954223633,58.08000183105469,58.040000915527344,76.07600059509278
57.810001373291016,58.22999954223633,58.186667124430336,76.10200119018555
58.52000045776367,57.810001373291016,58.290000915527344,75.84200019836426
58.540000915527344,58.52000045776367,58.46666717529297,73.76200218200684
58.34000015258789,58.540000915527344,57.87333424886068,72.26700019836426
56.7400016784668,58.34000015258789,56.8900006612142,70.44699821472167
55.59000015258789,56.7400016784668,55.50666681925456,69.08199920654297
54.18999862670898,55.59000015258789,54.3066660563151,69.52399940490723
53.13999938964844,54.18999862670898,53.60333251953125,69.3290023803711
53.47999954223633,53.13999938964844,53.31666692097982,67.78199920654298
53.33000183105469,53.47999954223633,52.98333358764648,67.02800178527832
52.13999938964844,53.33000183105469,52.34333419799805,65.14300079345703
51.560001373291016,52.13999938964844,51.27000045776367,64.49300079345703
50.11000061035156,51.560001373291016,50.42666753133138,65.97500000000001
49.61000061035156,50.11000061035156,50.15666707356771,66.2350009918213
50.75,49.61000061035156,50.436667124430336,65.41599960327149
50.95000076293945,50.75,50.673333485921226,64.4409996032715
50.31999969482422,50.95000076293945,50.28000005086263,64.92199821472167
49.56999969482422,50.31999969482422,49.94333267211914,66.52099761962891
49.93999862670898,49.56999969482422,50.22666549682617,66.8459976196289
51.16999816894531,49.93999862670898,50.84333165486654,67.66499900817871
51.41999816894531,51.16999816894531,51.54666519165039,67.66499900817871
52.04999923706055,51.41999816894531,51.83999888102213,69.27700119018554
52.04999923706055,52.04999923706055,52.46333312988281,69.91399841308595
53.290000915527344,52.04999923706055,53.03999964396159,69.39400138854981
53.77999877929688,53.290000915527344,53.48333358764648,66.85900039672852
53.380001068115234,53.77999877929688,52.86333338419596,64.87000198364258
51.43000030517578,53.380001068115234,51.570000966389976,63.34899940490723
49.900001525878906,51.43000030517578,50.02000045776367,61.21700019836426
48.72999954223633,49.900001525878906,48.573333740234375,58.187997817993164
47.09000015258789,48.72999954223633,46.859999338785805,60.775
44.7599983215332,47.09000015258789,46.199999491373696,61.33400039672852
46.75,44.7599983215332,46.22999954223633,60.81399841308595
47.18000030517578,46.75,46.903333028157554,59.67000198364258
46.77999877929688,47.18000030517578,46.62000020345052,53.66399841308595
45.900001525878906,46.77999877929688,44.653333028157554,40.46899890899658
41.27999877929688,45.900001525878906,39.43666648864747,44.66800079345703
31.1299991607666,41.27999877929688,35.589999516805015,42.87399940490723
34.36000061035156,31.1299991607666,32.8233331044515,40.95
32.97999954223633,34.36000061035156,32.9466667175293,41.24899940490723
31.5,32.97999954223633,32.06999969482422,37.31000099182129
31.729999542236328,31.5,30.643333435058597,35.03500099182129
28.700000762939453,31.729999542236328,29.12666702270508,26.481001091003417
26.950000762939453,28.700000762939453,25.34000078837077,32.78599910736084
20.3700008392334,26.950000762939453,24.18000030517578,29.159000396728516
25.21999931335449,20.3700008392334,22.673333485921223,30.36800079345703
22.43000030517578,25.21999931335449,23.670000076293945,31.213000297546394
23.36000061035156,22.43000030517578,23.266667048136394,31.836999702453614
24.01000022888184,23.36000061035156,23.953333536783852,29.380000495910647
24.489999771118164,24.01000022888184,23.70000012715657,27.963000297546394
22.600000381469727,24.489999771118164,22.86666679382324,26.11700019836426
21.51000022888184,22.600000381469727,21.400000254313152,26.623999404907227
20.09000015258789,21.51000022888184,20.69333330790202,26.4029993057251
20.479999542236328,20.09000015258789,20.293333053588867,32.91599960327149
20.309999465942383,20.479999542236328,22.03666623433431,36.84200019836426
25.31999969482422,20.309999465942383,24.656666437784832,33.903999900817865
28.34000015258789,25.31999969482422,26.57999992370605,30.718998908996582
26.07999992370605,28.34000015258789,26.01666641235352,32.61700019836426
23.6299991607666,26.07999992370605,24.933333079020183,29.588000297546394
25.09000015258789,23.6299991607666,23.826666514078777,29.132999801635744
22.76000022888184,25.09000015258789,23.420000076293945,26.143000793457027
22.40999984741211,22.76000022888184,21.76000022888184,25.83100109100342
20.11000061035156,22.40999984741211,20.796667098999023,25.83100109100342
19.8700008392334,20.11000061035156,19.950000762939453,23.751000595092773
19.8700008392334,19.8700008392334,19.33666737874349,-48.91900138854981
18.270000457763672,19.8700008392334,0.1700000762939453,13.013000297546387
-37.630001068115234,18.270000457763672,-3.116666793823241,17.91399965286255
10.010000228881836,-37.630001068115234,-4.6133337020874015,21.45
13.779999732971191,10.010000228881836,13.429999987284342,22.022000694274904
16.5,13.779999732971191,15.740000089009603,16.61399965286255
16.940000534057617,16.5,15.40666675567627,16.04200019836426
12.779999732971191,16.940000534057617,14.020000139872232,19.57800054550171
12.34000015258789,12.779999732971191,13.393333435058594,24.49200019836426
15.0600004196167,12.34000015258789,15.413333574930826,25.71400089263916
18.84000015258789,15.0600004196167,17.89333375295003,26.506999206542975
19.780000686645508,18.84000015258789,19.67000007629395,31.9279993057251
20.38999938964844,19.780000686645508,21.576666514078777,31.186999702453615
24.559999465942383,20.38999938964844,22.979999542236328,30.61499900817871
23.989999771118164,24.559999465942383,24.03333282470703,32.16199970245361
23.549999237060547,23.989999771118164,24.093332926432293,31.381999206542975
24.739999771118164,23.549999237060547,24.14333279927572,33.51400089263916
24.13999938964844,24.739999771118164,24.88666661580404,32.877001190185545
25.780000686645508,24.13999938964844,25.0700003306071,35.8279993057251
25.290000915527344,25.780000686645508,26.21000035603841,38.25900039672852
27.559999465942383,25.290000915527344,27.426666895548504,41.36599960327148
29.43000030517578,27.559999465942383,29.60333315531413,42.25
31.81999969482422,29.43000030517578,31.25,43.53700218200684
32.5,31.81999969482422,32.60333379109701,44.09599761962891
33.4900016784668,32.5,33.3033332824707,43.225
33.91999816894531,33.4900016784668,33.5533332824707,44.654998016357425
33.25,33.91999816894531,33.83999888102213,42.65300178527832
34.349998474121094,33.25,33.46999994913737,43.82299880981446
32.810001373291016,34.349998474121094,33.62333297729492,46.13700218200684
33.709999084472656,32.810001373291016,34.00333404541016,46.07199821472168
35.4900016784668,33.709999084472656,34.87999979654948,47.85300178527832
35.439998626708984,35.4900016784668,35.913333892822266,48.47700119018555
36.810001373291016,35.439998626708984,36.51333363850912,48.63299980163574
37.290000915527344,36.810001373291016,37.17000071207682,51.41499900817871
37.40999984741211,37.290000915527344,38.083333333333336,49.64699821472167
39.54999923706055,37.40999984741211,38.38333257039388,50.62199821472167
38.18999862670898,39.54999923706055,38.89333216349284,51.47999801635741
38.93999862670898,38.18999862670898,38.909998575846345,47.24200019836426
39.59999847412109,38.93999862670898,38.29333241780598,47.13799781799317
36.34000015258789,39.59999847412109,37.3999989827474,48.255998611450195
36.2599983215332,36.34000015258789,36.57333246866862,49.8940013885498
37.119998931884766,36.2599983215332,37.2533327738444,49.347998809814456
38.380001068115234,37.119998931884766,37.81999969482422,50.49200019836426
37.959999084472656,38.380001068115234,38.393333435058594,51.675000000000004
38.84000015258789,37.959999084472656,38.84999974568685,52.597998809814456
39.75,38.84000015258789,39.68333307902018,52.4809986114502
40.459999084472656,39.75,40.19333267211914,49.412997817993165
40.369998931884766,40.459999084472656,39.61333211263021,50.336001586914065
38.0099983215332,40.369998931884766,39.03333282470703,50.03700218200684
38.720001220703125,38.0099983215332,38.40666707356771,51.61000099182129
38.4900016784668,38.720001220703125,38.970001220703125,51.05100059509277
39.70000076293945,38.4900016784668,39.153334299723305,51.76599960327149
39.27000045776367,39.70000076293945,39.596666971842446,52.84500198364258
39.81999969482422,39.27000045776367,39.913333892822266,52.81900138854981
40.650001525878906,39.81999969482422,40.36666742960612,52.8059986114502
40.630001068115234,40.650001525878906,40.63333384195963,53.17000198364258
40.619998931884766,40.630001068115234,40.71666717529297,51.505998611450195
40.900001525878906,40.619998931884766,40.37999979654948,52.714999008178715
39.619998931884766,40.900001525878906,40.356666564941406,52.12999801635741
40.54999923706055,39.619998931884766,40.08999888102213,52.377001190185545
40.09999847412109,40.54999923706055,40.313332875569664,53.56000099182129
40.290000915527344,40.09999847412109,40.53000005086263,52.975
41.20000076293945,40.290000915527344,40.7466672261556,52.76700019836426
40.75,41.20000076293945,40.846666971842446,53.05300178527832
40.59000015258789,40.75,40.71666717529297,54.54799880981445
40.810001373291016,40.59000015258789,41.12000020345052,54.47000198364258
41.959999084472656,40.810001373291016,41.55666732788086,53.39099960327149
41.900001525878906,41.959999084472656,41.643333435058594,53.67700119018555
41.06999969482422,41.900001525878906,41.42000071207682,54.079998016357415
41.290000915527344,41.06999969482422,41.31999969482422,53.35200119018555
41.59999847412109,41.290000915527344,41.31000010172526,53.651000595092775
41.040000915527344,41.59999847412109,41.3033332824707,51.89599761962891
41.27000045776367,41.040000915527344,40.743333180745445,52.35100059509278
39.91999816894531,41.27000045776367,40.48666636149088,53.312997817993164
40.27000045776367,39.91999816894531,40.3999989827474,54.21000099182129
41.0099983215332,40.27000045776367,40.993333180745445,54.84699821472167
41.70000076293945,41.0099983215332,41.63333257039388,54.53500099182129
42.18999862670898,41.70000076293945,41.9466667175293,53.586001586914065
41.95000076293945,42.18999862670898,41.78666687011719,54.52199821472167
41.220001220703125,41.95000076293945,41.70333353678385,54.09300079345703
41.93999862670898,41.220001220703125,41.59000015258789,55.47099761962891
41.61000061035156,41.93999862670898,42.07333246866862,54.91200218200684
42.66999816894531,41.61000061035156,42.173333485921226,54.61299781799317
42.2400016784668,42.66999816894531,42.3066660563151,55.75699920654297
42.0099983215332,42.2400016784668,42.37999979654948,55.75699920654297
42.88999938964844,42.0099983215332,42.596665700276695,55.809000396728514
42.88999938964844,42.88999938964844,42.903333028157554,55.35400238037109
42.93000030517578,42.88999938964844,42.800000508626304,55.042000198364256
42.58000183105469,42.93000030517578,42.61666742960612,55.405998611450194
42.34000015258789,42.58000183105469,42.51333363850912,56.35499801635741
42.619998931884766,42.34000015258789,42.76999918619792,56.40699920654297
43.34999847412109,42.619998931884766,43.119998931884766,55.95200119018555
43.38999938964844,43.34999847412109,43.25999959309896,55.861001586914064
43.040000915527344,43.38999938964844,43.13333384195963,55.393000793457034
42.970001220703125,43.040000915527344,42.87333424886068,55.58799781799316
42.61000061035156,42.970001220703125,42.78000005086263,53.96299781799316
42.7599983215332,42.61000061035156,42.29333241780599,53.780998611450194
41.5099983215332,42.7599983215332,41.879998524983726,51.70100059509277
41.369998931884766,41.5099983215332,40.88333257039388,47.787997817993165
39.77000045776367,41.369998931884766,39.29999923706055,49.464999008178715
36.7599983215332,39.77000045776367,38.19333267211914,48.489999008178714
38.04999923706055,36.7599983215332,37.369998931884766,48.5290023803711
37.29999923706055,38.04999923706055,37.56000010172526,48.437997817993164
37.33000183105469,37.29999923706055,37.29666646321615,49.76399841308595
37.2599983215332,37.33000183105469,37.62333297729492,52.207999801635744
38.27999877929688,37.2599983215332,38.56666564941406,53.26100158691406
40.15999984741211,38.27999877929688,39.8033332824707,53.44300079345703
40.970001220703125,40.15999984741211,40.7466672261556,51.10300178527832
41.11000061035156,40.970001220703125,40.46333440144857,51.47999801635741
39.310001373291016,41.11000061035156,40.00666681925456,51.909000396728516
39.59999847412109,39.310001373291016,39.61333338419596,52.40300178527832
39.93000030517578,39.59999847412109,39.9466667175293,52.325
40.310001373291016,39.93000030517578,40.163333892822266,52.77999801635742
40.25,40.310001373291016,40.38666661580404,51.07700119018555
40.59999847412109,40.25,40.04666646321615,52.28600158691406
39.290000915527344,40.59999847412109,40.03666687011719,50.336001586914065
40.220001220703125,39.290000915527344,39.41000111897787,48.16499900817871
38.720001220703125,40.220001220703125,38.663333892822266,50.986001586914064
37.04999923706055,38.720001220703125,38.33000055948893,52.87099761962891
39.220001220703125,37.04999923706055,38.97999954223633,51.93500099182129
40.66999816894531,39.220001220703125,39.9466667175293,53.546998214721675
39.95000076293945,40.66999816894531,40.60333251953124,52.77999801635742
41.18999862670898,39.95000076293945,40.57999928792318,51.25900039672852
40.59999847412109,41.18999862670898,40.40666580200195,52.26000099182129
39.43000030517578,40.59999847412109,40.07666651407877,53.35200119018555
40.20000076293945,39.43000030517578,40.22333399454752,53.247998809814455
41.040000915527344,40.20000076293945,40.73333358764648,53.1440013885498
40.959999084472656,41.040000915527344,40.960000356038414,53.079002380371094
40.880001068115234,40.959999084472656,40.8900006612142,53.89799880981445
40.83000183105469,40.880001068115234,41.05666732788086,52.03899841308595
41.459999084472656,40.83000183105469,40.77333323160807,52.83199920654297
40.02999877929688,41.459999084472656,40.709999084472656,51.804998016357416
40.63999938964844,40.02999877929688,40.17333221435547,50.12800178527832
39.84999847412109,40.63999938964844,39.68333307902018,51.440999603271486
38.560001373291016,39.84999847412109,39.32666651407877,48.60699920654297
39.56999969482422,38.560001373291016,38.50666681925456,47.02099761962891
37.38999938964844,39.56999969482422,37.709999084472656,46.52700119018555
36.16999816894531,37.38999938964844,36.449999491373696,47.85300178527832
35.790000915527344,36.16999816894531,36.25666681925456,48.957999801635744
36.810001373291016,35.790000915527344,36.75333404541016,50.89500198364258
37.65999984741211,36.810001373291016,37.87333424886068,50.42700119018555
39.150001525878906,37.65999984741211,38.53333409627279,48.28199920654297
38.790000915527344,39.150001525878906,38.36000061035156,52.377001190185545
37.13999938964844,38.790000915527344,38.74000040690104,53.768000793457034
40.290000915527344,37.13999938964844,39.596666971842446,53.88500099182129
41.36000061035156,40.290000915527344,41.03333409627279,53.4559986114502
41.45000076293945,41.36000061035156,41.31000010172526,52.16900138854981
41.119998931884766,41.45000076293945,40.90000025431315,53.74200019836426
40.130001068115234,41.119998931884766,40.86333338419596,53.85900039672852
41.34000015258789,40.130001068115234,40.96666717529297,54.36599960327148
41.43000030517578,41.34000015258789,41.53000005086263,54.26200218200684
41.81999969482422,41.43000030517578,41.663333892822266,54.79500198364258
41.7400016784668,41.81999969482422,41.903334299723305,55.97800178527832
42.150001525878906,41.7400016784668,42.31666819254557,58.38299980163574
43.060001373291016,42.150001525878906,43.37333424886068,59.42299880981445
44.90999984741211,43.060001373291016,44.56000010172526,59.18899841308595
45.709999084472656,44.90999984741211,45.38333257039388,58.94200019836426
45.52999877929688,45.709999084472656,45.52666600545248,57.91499900817871
45.34000015258789,45.52999877929688,45.13999938964844,58.86399841308595
44.54999923706055,45.34000015258789,45.0566660563151,59.33199920654297
45.27999877929688,44.54999923706055,45.15666580200195,60.13799781799317
45.63999938964844,45.27999877929688,45.72666549682617,59.48799781799317
46.2599983215332,45.63999938964844,45.88666534423828,59.27999801635742
45.7599983215332,46.2599983215332,45.87333170572917,59.17600059509277
45.59999847412109,45.7599983215332,45.62666575113932,60.81399841308595
45.52000045776367,45.59999847412109,45.96666590372721,60.54099960327149
46.77999877929688,45.52000045776367,46.28999964396159,61.087002182006835
46.56999969482422,46.77999877929688,46.78000005086263,61.905998611450194
46.9900016784668,46.56999969482422,47.06000010172526,62.16599960327149
47.619998931884766,46.9900016784668,47.47666676839193,62.868000793457036
47.81999969482422,47.619998931884766,47.93333307902018,63.829998016357415
48.36000061035156,47.81999969482422,48.426666259765625,62.062002182006836
49.09999847412109,48.36000061035156,48.40000025431315,61.126000595092776
47.7400016784668,49.09999847412109,47.95333353678385,62.5559986114502
47.02000045776367,47.7400016784668,47.62666702270508,62.69899940490723
48.119998931884766,47.02000045776367,47.78999964396159,61.905998611450194
48.22999954223633,48.119998931884766,47.98999913533529,62.400000000000006
47.619998931884766,48.22999954223633,47.949999491373696,62.92000198364258
48.0,47.619998931884766,48.00666681925456,63.07600059509278
48.400001525878906,48.0,48.30666732788086,61.905998611450194
48.52000045776367,48.400001525878906,48.18000030517578,64.90900039672852
47.619998931884766,48.52000045776367,48.68999989827474,65.81900138854981
49.93000030517578,47.619998931884766,49.393333435058594,66.0790023803711
50.630001068115234,49.93000030517578,50.46333440144857,67.91200218200684
50.83000183105469,50.630001068115234,51.23333485921224,67.925
52.2400016784668,50.83000183105469,51.77333450317383,69.17299880981446
52.25,52.2400016784668,52.56666692097982,68.78299980163574
53.209999084472656,52.25,52.78999964396159,69.64099960327148
52.90999984741211,53.209999084472656,53.22999954223633,68.06800079345703
53.56999969482422,52.90999984741211,52.9466667175293,68.87399940490722
52.36000061035156,53.56999969482422,52.96999994913737,69.21200218200684
52.97999954223633,52.36000061035156,52.86000061035156,69.06900138854981
53.2400016784668,52.97999954223633,53.11666742960612,67.95100059509278
53.130001068115234,53.2400016784668,52.880001068115234,68.60100059509277
52.27000045776367,53.130001068115234,52.72333399454752,68.39300079345703
52.77000045776367,52.27000045776367,52.550000508626304,68.70499801635742
52.61000061035156,52.77000045776367,52.743333180745445,68.04200019836426
52.84999847412109,52.61000061035156,52.59999974568685,67.8600009918213
52.34000015258789,52.84999847412109,52.46333312988281,69.61499900817871
52.20000076293945,52.34000015258789,52.6966667175293,71.18799781799316
53.54999923706055,52.20000076293945,53.5033327738444,72.39699821472168
54.7599983215332,53.54999923706055,54.666665395100914,73.09899940490723
55.68999862670898,54.7599983215332,55.55999883015951,73.90499801635741
56.22999954223633,55.68999862670898,56.25666554768879,75.36100158691407
56.84999847412109,56.22999954223633,57.01666641235352,75.86800079345703
57.970001220703125,56.84999847412109,57.72666676839193,76.28400039672852
58.36000061035156,57.970001220703125,58.33666737874349,75.71200218200684
58.68000030517578,58.36000061035156,58.42666753133138,77.31100158691406
58.2400016784668,58.68000030517578,58.7966677347819,78.06499900817872
59.470001220703125,58.2400016784668,59.25333404541016,79.48199920654297
60.04999923706055,59.470001220703125,60.21999994913737,78.67600059509277
61.13999938964844,60.04999923706055,60.56999969482422,77.01200218200684
60.52000045776367,61.13999938964844,60.300000508626304,79.93700218200684
59.2400016784668,60.52000045776367,60.41666793823242,80.1709976196289
61.4900016784668,59.2400016784668,60.800000508626304,82.18600158691406
61.66999816894531,61.4900016784668,62.12666702270508,82.58899841308595
63.220001220703125,61.66999816894531,62.8066660563151,79.95
63.52999877929688,63.220001220703125,62.75,78.83199920654297
61.5,63.52999877929688,61.88999938964844,77.675
60.63999938964844,61.5,60.62999979654948,79.66399841308595
59.75,60.63999938964844,60.5566660563151,82.9790023803711
61.27999877929688,59.75,61.62000020345052,85.91699523925782
63.83000183105469,61.27999877929688,63.73333231608073,84.56500396728516
66.08999633789062,63.83000183105469,64.99000040690105,83.21300277709962
65.05000305175781,66.08999633789062,65.0500005086263,83.77200317382812
64.01000213623047,65.05000305175781,64.50000254313152,85.82599563598633
64.44000244140625,64.01000213623047,64.82333374023438,85.29300079345704
66.0199966430664,64.44000244140625,65.3566665649414,85.00699920654297
65.61000061035156,66.0199966430664,65.67333221435547,84.24000396728516
65.38999938964844,65.61000061035156,65.26666768391927,83.97999801635743
64.80000305175781,65.38999938964844,64.93000030517578,78.0
64.5999984741211,64.80000305175781,63.13333384195963,79.8459976196289
60.0,64.5999984741211,62.0066655476888,80.01499900817872
61.41999816894531,60.0,60.98999913533529,75.08799781799317
61.54999923706055,61.41999816894531,60.24333190917969,79.53400039672852
57.7599983215332,61.54999923706055,60.16333262125651,76.12800178527833
61.18000030517578,57.7599983215332,59.16666666666666,79.26100158691406
58.560001373291016,61.18000030517578,60.23666763305664,80.02800178527832
60.970001220703125,58.560001373291016,60.36333465576172,78.71499900817871
61.560001373291016,60.970001220703125,61.02666727701823,76.90799980163574
60.54999923706055,61.560001373291016,60.423333485921226,79.88500099182129
59.15999984741211,60.54999923706055,60.38666661580404,76.24500198364258
61.45000076293945,59.15999984741211,59.75333404541016,77.12900238037109
58.650001525878906,61.45000076293945,59.810001373291016,77.70100059509278
59.33000183105469,58.650001525878906,59.25000127156576,77.47999801635741
59.77000045776367,59.33000183105469,59.56666692097982,77.11599960327149
59.59999847412109,59.77000045776367,59.563332875569664,77.6100009918213
59.31999969482422,59.59999847412109,59.53999964396159,78.23400039672852
59.70000076293945,59.31999969482422,59.73333358764648,82.09500198364258
60.18000030517578,59.70000076293945,61.01000086466471,82.49799880981446
63.150001525878906,60.18000030517578,62.26333363850912,82.06900138854981
63.459999084472656,63.150001525878906,63.2466672261556,82.39400138854981
63.130001068115234,63.459999084472656,63.323333740234375,81.17199821472167
63.380001068115234,63.130001068115234,62.98333358764648,79.75499801635742
62.43999862670898,63.380001068115234,62.38999938964843,79.85900039672852
61.34999847412109,62.43999862670898,61.73999913533528,80.78199920654298
61.43000030517578,61.34999847412109,61.63999938964844,80.48299980163574
62.13999938964844,61.43000030517578,61.82666651407877,81.82199821472167
61.90999984741211,62.13999938964844,62.32999928792318,83.01800079345703
62.93999862670898,61.90999984741211,62.903333028157554,84.51300277709962
63.86000061035156,62.93999862670898,63.936667124430336,82.6540023803711
65.01000213623047,63.86000061035156,64.1500015258789,83.8369972229004
63.58000183105469,65.01000213623047,64.36000061035156,85.39700317382812
64.48999786376953,63.58000183105469,64.58666737874348,85.31899642944336
65.69000244140625,64.48999786376953,65.26999918619792,84.12299880981446
65.62999725341797,65.69000244140625,65.3433329264323,84.37000198364258
64.70999908447266,65.62999725341797,65.07999928792317,84.39599761962891
64.9000015258789,64.70999908447266,64.8433329264323,84.86399841308594
64.91999816894531,64.9000015258789,65.03333282470703,85.9040023803711
65.27999877929688,64.91999816894531,65.42666625976562,82.96599960327148
66.08000183105469,65.27999877929688,65.06000010172527,84.98100357055664
63.81999969482422,66.08000183105469,65.09000142415364,86.15099563598633
65.37000274658203,63.81999969482422,65.15333302815755,85.13699722290039
66.2699966430664,65.37000274658203,65.70999908447266,82.36800079345703
65.48999786376953,66.2699966430664,65.03999837239583,80.66499900817871
63.36000061035156,65.48999786376953,63.63333257039388,82.6540023803711
62.04999923706055,63.36000061035156,62.9966672261556,85.86500396728516
63.58000183105469,62.04999923706055,63.89333470662435,85.89099960327148
66.05000305175781,63.58000183105469,65.23333485921223,86.07299880981445
66.06999969482422,66.05000305175781,66.11000061035156,86.90499801635742
66.20999908447266,66.06999969482422,66.37666575113933,86.21599960327148
66.8499984741211,66.20999908447266,66.45999908447266,88.03600158691407
66.31999969482422,66.8499984741211,66.96333312988281,89.4790023803711
67.72000122070312,66.31999969482422,67.62333424886067,89.45299682617188
68.83000183105469,67.72000122070312,68.45333353678386,90.50600357055664
68.80999755859375,68.83000183105469,69.08666737874348,89.99900436401367
69.62000274658203,68.80999755859375,69.22000122070312,91.06500396728516
69.2300033569336,69.62000274658203,69.63333638509114,90.94799880981445
70.05000305175781,69.2300033569336,69.74666849772136,91.37700119018555
69.95999908447266,70.05000305175781,70.10000101725261,92.1830047607422
70.29000091552734,69.95999908447266,70.3866678873698,92.14399642944336
70.91000366210938,70.29000091552734,70.69333394368489,93.75600357055664
70.87999725341797,70.91000366210938,71.30333455403645,93.79500198364258
72.12000274658203,70.87999725341797,71.71666717529297,92.35200119018555
72.1500015258789,72.12000274658203,71.77000172932942,93.13199920654297
71.04000091552734,72.1500015258789,71.61000061035156,95.7580047607422
71.63999938964844,71.04000091552734,72.11333465576172,94.97799682617188
73.66000366210938,71.63999938964844,72.78666687011719,95.00400238037109
73.05999755859375,73.66000366210938,73.26666768391927,95.29000396728516
73.08000183105469,73.05999755859375,73.14666748046875,96.26500396728515
73.30000305175781,73.08000183105469,73.47666931152344,94.78300476074219
74.05000305175781,73.30000305175781,73.42000325520833,94.87400436401367
72.91000366210938,74.05000305175781,73.31333669026692,95.51100158691406
72.9800033569336,72.91000366210938,73.12000274658203,97.79900436401367
73.47000122070312,72.9800033569336,73.89333597819011,97.70800476074218
75.2300033569336,73.47000122070312,74.62000274658203,95.38100357055664
75.16000366210938,75.2300033569336,74.586669921875,93.85999603271485
73.37000274658203,75.16000366210938,73.57666778564453,94.82200317382812
72.19999694824219,73.37000274658203,72.83666737874348,96.92799682617188
72.94000244140625,72.19999694824219,73.23333231608073,96.32999801635742
74.55999755859375,72.94000244140625,73.86666615804036,97.825
74.0999984741211,74.55999755859375,74.63666534423828,95.06899642944336
75.25,74.0999984741211,74.15999857584636,93.14500198364259
73.12999725341797,75.25,73.3433329264323,93.35299682617188
71.6500015258789,73.12999725341797,72.19666544596355,86.3459976196289
71.80999755859375,71.6500015258789,69.95999908447266,87.64599761962891
66.41999816894531,71.80999755859375,68.5499979654948,91.39000396728515
67.41999816894531,66.41999816894531,68.04666646321614,93.48300476074219
70.30000305175781,67.41999816894531,69.87666829427083,93.6909996032715
71.91000366210938,70.30000305175781,71.42666880289714,93.48300476074219
72.06999969482422,71.91000366210938,71.96333567301433,93.14500198364259
71.91000366210938,72.06999969482422,71.87666829427083,94.10699920654297
71.6500015258789,71.91000366210938,71.98333485921223,95.70600357055665
72.38999938964844,71.6500015258789,72.55333455403645,96.13499603271485
73.62000274658203,72.38999938964844,73.31999969482422,92.63800277709962
73.94999694824219,73.62000274658203,72.94333394368489,91.72799682617188
71.26000213623047,73.94999694824219,71.92333221435547,88.59500198364258
70.55999755859375,71.26000213623047,69.99000040690105,89.81699523925782
68.1500015258789,70.55999755859375,69.26666514078777,88.76399841308594
69.08999633789062,68.1500015258789,68.5066655476888,86.42400436401367
68.27999877929688,69.08999633789062,67.9499994913737,88.77700119018554
66.4800033569336,68.27999877929688,67.68333435058594,90.025
68.29000091552734,66.4800033569336,68.00666809082031,89.81699523925782
69.25,68.29000091552734,68.87666575113933,88.97200317382813
69.08999633789062,69.25,68.92666625976562,87.47700119018555
68.44000244140625,69.08999633789062,68.27333323160808,86.56699523925782
67.29000091552734,68.44000244140625,67.43999989827473,85.09799880981446
66.58999633789062,67.29000091552734,66.44666544596355,82.79699821472167
65.45999908447266,66.58999633789062,65.2466646830241,81.01599960327148
63.68999862670898,65.45999908447266,63.82333246866862,85.33199920654297
62.31999969482422,63.68999862670898,63.88333257039388,87.80200119018555
65.63999938964844,62.31999969482422,65.16666666666667,88.86800079345703
67.54000091552734,65.63999938964844,67.18000030517578,87.64599761962891
68.36000061035156,67.54000091552734,67.77333323160808,89.3619972229004
67.41999816894531,68.36000061035156,68.17333221435547,89.97299880981446
68.73999786376953,67.41999816894531,68.4566650390625,89.05
69.20999908447266,68.73999786376953,68.81666564941406,89.16699523925782
68.5,69.20999908447266,68.76666514078777,90.9869972229004
68.58999633789062,68.5,69.02666473388672,90.07700119018556
69.98999786376953,68.58999633789062,69.28999837239583,88.85499801635743
69.29000091552734,69.98999786376953,69.20999908447266,90.09000396728516
68.3499984741211,69.29000091552734,68.98000081380208,88.58199920654297
69.30000305175781,68.3499984741211,68.59666697184245,90.63600158691406
68.13999938964844,69.30000305175781,69.05333455403645,91.58499603271484
69.72000122070312,68.13999938964844,69.43666585286458,91.59799880981446
70.44999694824219,69.72000122070312,70.20999908447266,94.39300079345703
70.45999908447266,70.44999694824219,71.17333221435547,94.39300079345703
72.61000061035156,70.45999908447266,71.8933334350586,93.56100158691406
72.61000061035156,72.61000061035156,72.39666748046875,91.37700119018555
71.97000122070312,72.61000061035156,71.62333424886067,91.72799682617188
70.29000091552734,71.97000122070312,70.93999989827473,93.89900436401368
70.55999755859375,70.29000091552734,71.02666727701823,95.29000396728516
72.2300033569336,70.55999755859375,72.03000132242839,96.17400436401367
73.30000305175781,72.2300033569336,73.17000325520833,98.08499603271484
73.9800033569336,73.30000305175781,74.2433344523112,97.87700119018555
75.44999694824219,73.9800033569336,74.9066670735677,97.2790023803711
75.29000091552734,75.44999694824219,75.18999989827473,97.53899841308593
74.83000183105469,75.29000091552734,75.0500005086263,98.64399642944336
75.02999877929688,74.83000183105469,75.24666595458984,100.90600357055665
75.87999725341797,75.02999877929688,76.17666625976562,102.60900039672852
77.62000274658203,75.87999725341797,77.47666676839192,100.65900039672852
78.93000030517578,77.62000274658203,77.9933344523112,101.79000396728516
77.43000030517578,78.93000030517578,78.22000122070312,103.15499801635742
78.30000305175781,77.43000030517578,78.36000061035156,104.67599563598633
79.3499984741211,78.30000305175781,79.38999938964844,104.83199920654297
80.5199966430664,79.3499984741211,80.16999816894531,104.57200317382812
80.63999938964844,80.5199966430664,80.53333282470703,105.70299682617188
80.44000244140625,80.63999938964844,80.79666646321614,106.96399841308595
81.30999755859375,80.44000244140625,81.3433329264323,107.17200317382813
82.27999877929688,81.30999755859375,82.00999959309895,107.84799880981446
82.44000244140625,82.27999877929688,82.56000010172527,109.03100357055665
82.95999908447266,82.44000244140625,83.09000142415364,107.25
83.87000274658203,82.95999908447266,83.11000061035156,108.88800277709962
82.5,83.87000274658203,83.37666829427083,108.88800277709962
83.76000213623047,82.5,83.34000142415364,110.04500198364258
83.76000213623047,83.76000213623047,84.05666859944661,107.45800476074218
84.6500015258789,83.76000213623047,83.69000244140625,107.65299682617187
82.66000366210938,84.6500015258789,83.37333424886067,108.64099960327148
82.80999755859375,82.66000366210938,83.01333363850911,109.26500396728515
83.56999969482422,82.80999755859375,83.47666676839192,109.08300476074218
84.05000305175781,83.56999969482422,83.8433354695638,105.11800079345703
83.91000366210938,84.05000305175781,82.94000244140625,102.45299682617188
80.86000061035156,83.91000366210938,81.19333394368489,105.65099563598633
78.80999755859375,80.86000061035156,80.3133316040039,106.50900039672852
81.2699966430664,78.80999755859375,80.66999816894531,109.39500198364259
81.93000030517578,81.2699966430664,82.4499994913737,105.74199523925782
84.1500015258789,81.93000030517578,82.47333272298177,106.06699523925782
81.33999633789062,84.1500015258789,82.35999806722005,105.02700119018554
81.58999633789062,81.33999633789062,81.23999786376953,105.14399642944336
80.79000091552734,81.58999633789062,81.08666483561198,104.98800277709961
80.87999725341797,80.79000091552734,80.81000010172527,101.86800079345703
80.76000213623047,80.87999725341797,80.0,102.71300277709962
78.36000061035156,80.76000213623047,79.37666829427083,98.92999801635743
79.01000213623047,78.36000061035156,77.82333374023438,99.775
76.0999984741211,79.01000213623047,77.28666687011719,102.05
76.75,76.0999984741211,77.11666615804036,101.90699920654298
78.5,76.75,77.87999979654948,88.59500198364258
78.38999938964844,78.5,75.01333363850911,90.93499603271485
68.1500015258789,78.38999938964844,72.16333262125652,86.03400039672852
69.94999694824219,68.1500015258789,68.0933329264323,85.24099960327149
66.18000030517578,69.94999694824219,67.23333231608073,86.45
65.56999969482422,66.18000030517578,66.08333333333333,86.13800277709962
66.5,65.56999969482422,66.11000061035156,90.3369972229004
66.26000213623047,66.5,67.41666666666667,93.66500396728516
69.48999786376953,66.26000213623047,69.26666768391927,94.06800079345703
72.05000305175781,69.48999786376953,71.3000005086263,92.22200317382813
72.36000061035156,72.05000305175781,71.78333536783855,93.1709976196289
70.94000244140625,72.36000061035156,71.6566670735677,92.67700119018555
71.66999816894531,70.94000244140625,71.3000005086263,91.94900436401367
71.29000091552734,71.66999816894531,71.23000081380208,92.13100357055664
70.7300033569336,71.29000091552734,70.96333567301433,94.09399642944337
70.87000274658203,70.7300033569336,71.32666778564453,92.11800079345703
72.37999725341797,70.87000274658203,71.37000020345052,88.69900436401367
70.86000061035156,72.37999725341797,70.49000040690105,92.45600357055665
68.2300033569336,70.86000061035156,70.07000223795573,94.58800277709962
71.12000274658203,68.2300033569336,70.70333607991536,95.92700119018555
72.76000213623047,71.12000274658203,72.55666859944661,98.24099960327149
73.79000091552734,72.76000213623047,74.04000091552734,98.77400436401368
75.56999969482422,73.79000091552734,75.11333465576172,99.52799682617187
75.9800033569336,75.56999969482422,76.03666687011719,100.0869972229004
76.55999755859375,75.9800033569336,76.50999959309895,97.77299880981445
76.98999786376953,76.55999755859375,76.25333150227864,98.9040023803711
75.20999908447266,76.98999786376953,76.0933329264323,100.0869972229004
76.08000183105469,75.20999908447266,76.0933329264323,101.20499801635742
76.98999786376953,76.08000183105469,76.97333272298177,103.29799880981446
77.8499984741211,76.98999786376953,78.0999984741211,102.57000198364258
79.45999908447266,77.8499984741211,78.73666636149089,101.69900436401367
78.9000015258789,79.45999908447266,78.86333465576172,105.58600158691407
78.2300033569336,78.9000015258789,79.4500020345052,107.43199920654297
81.22000122070312,78.2300033569336,80.69666798909505,106.75600357055664
82.63999938964844,81.22000122070312,81.9933344523112,108.96599960327148
82.12000274658203,82.63999938964844,82.86000061035156,111.05900039672852
83.81999969482422,82.12000274658203,83.79000091552734,113.04799880981446
85.43000030517578,83.81999969482422,85.40333302815755,112.97000198364258
86.95999908447266,85.43000030517578,86.43000030517578,110.68199920654297
86.9000015258789,86.95999908447266,86.33333333333333,108.30299682617188
85.13999938964844,86.9000015258789,85.11666615804036,111.27999801635742
83.30999755859375,85.13999938964844,84.68333180745442,113.55499801635743
85.5999984741211,83.30999755859375,85.41999816894531,112.59300079345704
87.3499984741211,85.5999984741211,86.51999918619792,112.86599960327149
86.61000061035156,87.3499984741211,86.92666625976562,114.59500198364258
86.81999969482422,86.61000061035156,87.19333394368489,114.65999603271484
88.1500015258789,86.81999969482422,87.72333272298177,114.73800277709961
88.19999694824219,88.1500015258789,88.20333353678386,117.35099563598634
88.26000213623047,88.19999694824219,88.90999857584636,120.0029968261719
90.2699966430664,88.26000213623047,90.27999877929688,118.71599960327148
92.30999755859376,90.2699966430664,91.2999979654948,116.16800079345704
91.31999969482422,92.30999755859376,90.99666595458984,116.5580047607422
89.36000061035156,91.31999969482422,90.11333465576172,116.84399642944337
89.66000366210938,89.36000061035156,89.63333384195964,121.02999801635742
89.87999725341797,89.66000366210938,90.87999979654948,124.09799880981446
93.0999984741211,89.87999725341797,92.8133316040039,119.6909996032715
95.45999908447266,93.0999984741211,93.54333241780598,121.7580047607422
92.06999969482422,95.45999908447266,93.73000081380208,119.28800277709963
93.66000366210938,92.06999969482422,92.49666849772136,118.39099960327148
91.76000213623048,93.66000366210938,92.16333516438802,120.05499801635743
91.06999969482422,91.76000213623048,91.72666676839192,119.72999801635743
92.3499984741211,91.06999969482422,91.83999888102214,120.6529968261719
92.0999984741211,92.3499984741211,92.41999816894533,119.06699523925782
92.80999755859376,92.0999984741211,92.16666412353516,124.43600158691406
91.58999633789062,92.80999755859376,93.37333170572916,134.4330047607422
95.72000122070312,91.58999633789062,96.9066670735677,143.77999801635744
103.41000366210938,95.72000122070312,103.2433344523112,139.97099761962892
110.5999984741211,103.41000366210938,107.22666676839192,150.3840003967285
107.66999816894533,110.5999984741211,111.31666564941406,155.2200019836426
115.68000030517578,107.66999816894533,114.25,160.80999603271488
119.4000015258789,115.68000030517578,119.5933329264323,141.30999603271488
123.6999969482422,119.4000015258789,117.26666514078777,137.82599563598635
108.6999969482422,123.6999969482422,112.8066635131836,142.12900238037108
106.0199966430664,108.6999969482422,108.01666514078777,133.91300277709962
109.33000183105467,106.0199966430664,106.12000020345052,125.3720031738281
103.01000213623048,109.33000183105467,102.92666880289714,123.55200119018555
96.44000244140624,103.01000213623048,98.16333516438802,133.87400436401367
95.04000091552734,96.44000244140624,98.15333557128906,136.10999603271486
102.9800033569336,95.04000091552734,100.9066670735677,145.75600357055666
104.6999969482422,102.9800033569336,106.6000010172526,145.28800277709962
112.12000274658205,104.6999969482422,109.52666727701823,149.40900039672852
111.76000213623048,112.12000274658205,112.9366683959961,146.04199523925783
114.93000030517578,111.76000213623048,113.00999959309895,148.07000198364258
112.33999633789062,114.93000030517578,113.72333272298177,137.74799880981445
113.9000015258789,112.33999633789062,110.73333231608072,135.5119972229004
105.95999908447266,113.9000015258789,108.03333282470705,140.1659996032715
104.23999786376952,105.95999908447266,106.0066655476888,130.36399841308594
107.81999969482422,104.23999786376952,104.1133321126302,129.05099563598634
100.27999877929688,107.81999969482422,102.4566650390625,134.26399841308594
99.2699966430664,100.27999877929688,100.9433314005534,132.54799880981446
103.27999877929688,99.2699966430664,101.50333150227864,125.09900436401368
101.95999908447266,103.27999877929688,100.49000040690105,124.83899841308595
96.2300033569336,101.95999908447266,98.07333374023438,127.73800277709964
96.02999877929688,96.2300033569336,96.84000142415364,122.57700119018556
98.26000213623048,96.02999877929688,96.19333394368488,130.77999801635744
94.29000091552734,98.26000213623048,97.71666717529295,135.525
100.5999984741211,94.29000091552734,99.7133331298828,139.03499603271487
104.25,100.5999984741211,103.93333180745442,140.67299880981446
106.9499969482422,104.25,106.4699986775716,133.3279968261719
108.20999908447266,106.9499969482422,105.9066645304362,133.57500000000002
102.55999755859376,108.20999908447266,104.5066655476888,134.92700119018556
102.75,102.55999755859376,103.03333282470705,132.69099960327148
103.79000091552734,102.75,102.87000020345052,128.10200119018555
102.06999969482422,103.79000091552734,101.46666717529295,132.20999603271486
98.54000091552734,102.06999969482422,100.76999918619792,132.62599563598633
101.6999969482422,98.54000091552734,100.75333150227864,136.96800079345704
102.0199966430664,101.6999969482422,103.02666473388672,136.0970031738281
105.36000061035156,102.0199966430664,104.02333323160808,136.72099761962892
104.69000244140624,105.36000061035156,105.07333374023438,133.13300476074218
105.16999816894533,104.69000244140624,104.09000142415364,140.1529968261719
102.41000366210938,105.16999816894533,105.12999979654948,140.73800277709964
107.80999755859376,102.41000366210938,106.16000111897787,142.70099563598635
108.26000213623048,107.80999755859376,108.61333211263025,134.01699523925782
109.7699966430664,108.26000213623048,107.03999837239584,129.68800277709963
103.08999633789062,109.7699966430664,104.2066650390625,137.42299880981446
99.76000213623048,103.08999633789062,102.85333251953124,137.96899642944334
105.70999908447266,99.76000213623048,103.86666615804036,143.6369972229004
106.12999725341795,105.70999908447266,107.4433314005534,148.45999603271486
110.48999786376952,106.12999725341795,110.27333068847656,146.1200019836426
114.1999969482422,110.48999786376952,112.3633321126302,142.4669952392578
112.4000015258789,114.1999969482422,112.0633316040039,145.87299880981445
109.58999633789062,112.4000015258789,111.3999989827474,147.1990043640137
112.20999908447266,109.58999633789062,111.67666625976562,143.37700119018555
113.2300033569336,112.20999908447266,111.91000111897786,142.70099563598635
110.29000091552734,113.2300033569336,111.09666697184244,143.4290023803711
109.7699966430664,110.29000091552734,110.12999979654948,148.3169952392578
110.33000183105467,109.7699966430664,111.39666493733723,149.59099960327148
114.08999633789062,110.33000183105467,113.16333262125652,149.07099761962894
115.06999969482422,114.08999633789062,114.60999806722003,149.83800277709963
114.66999816894533,115.06999969482422,115.0,151.93100357055667
115.26000213623048,114.66999816894533,115.60000101725262,154.53100357055666
116.87000274658205,115.26000213623048,117.00000254313152,154.05
118.87000274658205,116.87000274658205,118.08000183105467,155.2330047607422
118.5,118.87000274658205,118.92666880289714,158.74300079345704
119.41000366210938,118.5,120.00666809082033,157.96300277709963
122.11000061035156,119.41000366210938,121.01000213623048,156.87099761962892
121.51000213623048,122.11000061035156,121.43000030517578,157.20900039672853
120.66999816894533,121.51000213623048,121.0366668701172,154.60900039672853
120.93000030517578,120.66999816894533,120.17666625976562,149.9029968261719
118.93000030517578,120.93000030517578,118.38999938964844,152.86699523925782
115.30999755859376,118.93000030517578,117.27666473388672,142.4279968261719
117.58999633789062,115.30999755859376,114.15333048502605,143.8450019836426
109.55999755859376,117.58999633789062,112.5999984741211,138.0470031738281
110.6500015258789,109.55999755859376,108.8000005086263,135.55099563598634
106.19000244140624,110.6500015258789,107.0366668701172,139.90600357055666
104.2699966430664,106.19000244140624,106.02666727701823,142.44099960327148
107.62000274658205,104.2699966430664,107.15333302815756,145.28800277709962
109.56999969482422,107.62000274658205,109.6500015258789,142.71399841308593
111.76000213623048,109.56999969482422,110.37000020345052,137.48800277709964
109.77999877929688,111.76000213623048,109.1000010172526,140.95900039672853
105.76000213623048,109.77999877929688,107.99000040690105,129.35
108.43000030517578,105.76000213623048,104.56333414713542,128.08899841308593
99.5,108.43000030517578,102.15333302815756,133.54900436401368
98.52999877929688,99.5,100.25333404541016,136.22700119018555
102.7300033569336,98.52999877929688,102.01666768391928,135.3169952392578
104.79000091552734,102.7300033569336,103.87000020345052,124.59199523925781
104.08999633789062,104.79000091552734,101.57333119710286,125.19000396728514
95.83999633789062,104.08999633789062,98.74333190917967,124.51399841308594
96.3000030517578,95.83999633789062,95.97333272298177,126.86699523925782
95.77999877929688,96.3000030517578,96.55666605631512,133.37999801635743
97.58999633789062,95.77999877929688,98.6566645304362,135.48600158691406
102.5999984741211,97.58999633789062,101.4699986775716,132.93800277709963
104.22000122070312,102.5999984741211,103.02666727701823,125.25499801635743
102.26000213623048,104.22000122070312,100.94333394368488,123.10999603271486
96.3499984741211,102.26000213623048,97.76999918619792,125.70999603271487
94.6999969482422,96.3499984741211,95.91666412353516,123.47400436401368
96.6999969482422,94.6999969482422,95.45999908447266,126.43800277709963
94.9800033569336,96.6999969482422,96.31333414713544,125.34599761962893
97.26000213623048,94.9800033569336,96.22000122070312,128.20600357055667
96.41999816894533,97.26000213623048,97.43333435058597,122.05699920654297
98.62000274658205,96.41999816894533,96.31000010172528,122.74599761962892
93.88999938964844,98.62000274658205,95.6433334350586,117.85800476074219
94.41999816894533,93.88999938964844,92.99000040690105,115.10200119018555
90.66000366210938,94.41999816894533,91.20666758219402,115.71300277709962
88.54000091552734,90.66000366210938,89.40333557128906,117.98800277709964
89.01000213623047,88.54000091552734,89.4366683959961,117.65
90.76000213623048,89.01000213623047,90.09000142415364,119.50900039672852
90.5,90.76000213623048,91.06333414713542,122.64199523925781
91.93000030517578,90.5,92.2566655476888,119.71699523925781
94.33999633789062,91.93000030517578,92.78666432698569,116.23300476074219
92.08999633789062,94.33999633789062,91.94666544596356,112.48899841308594
89.41000366210938,92.08999633789062,89.3433329264323,114.54300079345704
86.52999877929688,89.41000366210938,88.01666768391927,117.65
88.11000061035156,86.52999877929688,88.37999979654948,118.00099563598633
90.5,88.11000061035156,89.79333241780598,117.29900436401367
90.7699966430664,90.5,90.5,121.86199722290037
90.2300033569336,90.7699966430664,91.57999928792316,123.35699920654297
93.73999786376952,90.2300033569336,92.95333353678386,120.27599563598633
94.88999938964844,93.73999786376952,93.71666463216144,120.9779968261719
92.5199966430664,94.88999938964844,93.48999786376952,126.11300277709964
93.05999755859376,92.5199966430664,94.19666544596356,119.13199920654297
97.01000213623048,93.05999755859376,93.90333302815756,116.41500396728516
91.63999938964844,97.01000213623048,92.73333485921223,112.59300079345704
89.55000305175781,91.63999938964844,89.26666768391927,112.93100357055664
86.61000061035156,89.55000305175781,87.67666880289714,112.94399642944336
86.87000274658203,86.61000061035156,86.78666687011719,106.52200317382812
86.87999725341797,86.87000274658203,85.23000081380208,108.60200119018555
81.94000244140625,86.87999725341797,84.12000020345052,112.82700119018556
83.54000091552734,81.94000244140625,84.09000142415364,114.11399841308594
86.79000091552734,83.54000091552734,86.03666687011719,113.50299682617188
87.77999877929688,86.79000091552734,87.29333241780598,115.02400436401368
87.30999755859375,87.77999877929688,87.8566665649414,110.62999801635742
88.4800033569336,87.30999755859375,86.96333312988281,110.64300079345703
85.0999984741211,88.4800033569336,86.23000081380208,111.44900436401367
85.11000061035156,85.0999984741211,85.31333414713542,109.78499603271484
85.7300033569336,85.11000061035156,85.09666697184245,107.82200317382812
84.44999694824219,85.7300033569336,84.37333424886067,108.5369972229004
82.94000244140625,84.44999694824219,83.62666575113933,102.3619972229004
83.48999786376953,82.94000244140625,81.72333272298177,99.72299880981446
78.73999786376953,83.48999786376953,79.64666493733723,102.05
76.70999908447266,78.73999786376953,77.98333231608073,106.79500198364258
78.5,76.70999908447266,79.12000020345052,105.59900436401368
82.1500015258789,78.5,80.62666829427083,103.3369972229004
81.2300033569336,82.1500015258789,80.95666758219402,108.71899642944337
79.48999786376953,81.2300033569336,81.4499994913737,112.47599563598634
83.62999725341797,79.48999786376953,83.2133305867513,114.08800277709962
86.5199966430664,83.62999725341797,85.96999867757161,114.98499603271485
87.76000213623047,86.5199966430664,87.57666524251302,120.43199920654297
88.44999694824219,87.76000213623047,89.61666615804036,118.46899642944335
92.63999938964844,88.44999694824219,90.73999786376952,116.15499801635742
91.12999725341795,92.63999938964844,91.03999837239584,113.45099563598633
89.3499984741211,91.12999725341795,89.24999745686848,115.84300079345704
87.2699966430664,89.3499984741211,88.57666524251302,111.29300079345704
89.11000061035156,87.2699966430664,87.32999928792317,111.09799880981446
85.61000061035156,89.11000061035156,86.72666676839192,107.66599960327149
85.45999908447266,85.61000061035156,84.62999979654948,111.21500396728516
82.81999969482422,85.45999908447266,84.61000061035156,111.77400436401368
85.55000305175781,82.81999969482422,84.78333536783855,110.56500396728516
85.9800033569336,85.55000305175781,85.52666982014973,109.9540023803711
85.05000305175781,85.9800033569336,85.20333607991536,110.91599960327149
84.58000183105469,85.05000305175781,84.98333485921223,114.28300476074219
85.31999969482422,84.58000183105469,85.9366683959961,115.8040023803711
87.91000366210938,85.31999969482422,87.4366683959961,114.27000198364259
89.08000183105469,87.91000366210938,88.29666900634766,112.48899841308594
87.9000015258789,89.08000183105469,87.83666737874348,114.88100357055664
86.52999877929688,87.9000015258789,87.60000101725261,117.0
88.37000274658203,86.52999877929688,88.3000005086263,114.62099761962891
90.0,88.37000274658203,88.84666697184245,120.39300079345703
88.16999816894531,90.0,90.25999959309895,119.32700119018556
92.61000061035156,88.16999816894531,90.8566665649414,115.58300476074218
91.79000091552734,92.61000061035156,91.10333506266277,111.5790023803711
88.91000366210938,91.79000091552734,88.8433354695638,112.41100158691407
85.83000183105469,88.91000366210938,87.07000223795573,115.64799880981445
86.47000122070312,85.83000183105469,87.08666737874348,111.63100357055664
88.95999908447266,86.47000122070312,87.10000101725261,112.99599761962891
85.87000274658203,88.95999908447266,87.25,111.26699523925781
86.91999816894531,85.87000274658203,86.12666575113933,106.13199920654297
85.58999633789062,86.91999816894531,84.71666463216145,104.1040023803711
81.63999938964844,85.58999633789062,82.43666585286458,103.64900436401368
80.08000183105469,81.63999938964844,80.48333485921223,105.23499603271485
79.7300033569336,80.08000183105469,80.25333404541016,101.32200317382812
80.94999694824219,79.7300033569336,79.54000091552734,99.16399841308593
77.94000244140625,80.94999694824219,78.38999938964844,100.4119972229004
76.27999877929688,77.94000244140625,77.15333302815755,101.65999603271484
77.23999786376953,76.27999877929688,77.23999786376953,104.71500396728516
78.19999694824219,77.23999786376953,78.66333262125652,105.58600158691407
80.55000305175781,78.19999694824219,79.99000040690105,103.97400436401368
81.22000122070312,80.55000305175781,80.58333587646484,100.00900039672852
79.9800033569336,81.22000122070312,79.37666829427083,96.525
76.93000030517578,79.9800033569336,77.05333455403645,93.61300277709961
74.25,76.93000030517578,74.39666748046875,92.89799880981445
72.01000213623047,74.25,72.57333374023438,92.32599563598633
71.45999908447266,72.01000213623047,71.49666595458984,95.12099761962891
71.0199966430664,71.45999908447266,71.88333129882812,98.00699920654297
73.16999816894531,71.0199966430664,73.19333140055339,100.46399841308595
75.38999938964844,73.16999816894531,75.27999877929688,98.94300079345703
77.27999877929688,75.38999938964844,76.25999959309895,96.57700119018556
76.11000061035156,77.27999877929688,75.8933334350586,97.74700317382813
74.29000091552734,76.11000061035156,75.19666798909505,98.91699523925782
75.19000244140625,74.29000091552734,75.18999989827473,101.77700119018554
76.08999633789062,75.19000244140625,76.52333323160808,100.7369972229004
78.29000091552734,76.08999633789062,77.28999837239583,103.42799682617188
77.48999786376953,78.29000091552734,78.44666544596355,103.38899841308594
79.55999755859375,77.48999786376953,78.85999806722005,102.64799880981445
79.52999877929688,79.55999755859375,79.3499984741211,101.92000198364258
78.95999908447266,79.52999877929688,78.96333312988281,104.33800277709962
78.4000015258789,78.95999908447266,79.20666758219402,100.00900039672852
80.26000213623047,78.4000015258789,78.53000132242839,94.69199523925782
76.93000030517578,80.26000213623047,76.67666625976562,95.77099761962891
72.83999633789062,76.93000030517578,74.47999827067058,95.90099563598633
73.66999816894531,72.83999633789062,73.42666371663411,97.01899642944336
73.7699966430664,73.66999816894531,74.02333068847656,97.65600357055665
74.62999725341797,73.7699966430664,74.5066655476888,100.6330047607422
75.12000274658203,74.62999725341797,75.72000122070312,101.90699920654298
77.41000366210938,75.12000274658203,76.97333526611328,103.81800079345703
78.38999938964844,77.41000366210938,78.55333455403645,104.23400039672852
79.86000061035156,78.38999938964844,79.47666676839192,103.32400436401367
80.18000030517578,79.86000061035156,79.84000142415364,104.4290023803711
79.4800033569336,80.18000030517578,79.99666849772136,105.70299682617188
80.33000183105469,79.4800033569336,80.37333424886067,106.10600357055664
81.30999755859375,80.33000183105469,81.08666737874348,104.16899642944337
81.62000274658203,81.30999755859375,81.01999918619792,104.19500198364258
80.12999725341797,81.62000274658203,80.63333384195964,105.31300277709961
80.1500015258789,80.12999725341797,80.43000030517578,103.58400039672851
81.01000213623047,80.1500015258789,80.28000132242839,101.27000198364259
79.68000030517578,81.01000213623047,79.53000132242839,102.53100357055665
77.9000015258789,79.68000030517578,78.81666819254558,99.33300476074218
78.87000274658203,77.9000015258789,77.72666931152344,98.64399642944336
76.41000366210938,78.87000274658203,77.05333455403645,95.40699920654298
75.87999725341797,76.41000366210938,75.22666676839192,96.34300079345704
73.38999938964844,75.87999725341797,74.45999908447266,100.28199920654298
74.11000061035156,73.38999938964844,74.87999979654948,102.01100158691406
77.13999938964844,74.11000061035156,76.57333374023438,101.47799682617188
78.47000122070312,77.13999938964844,77.88999938964844,103.63600158691406
78.05999755859375,78.47000122070312,78.75,104.18199920654297
79.72000122070312,78.05999755859375,79.30666605631511,102.77799682617187
80.13999938964844,79.72000122070312,79.63999938964844,102.16699523925782
79.05999755859375,80.13999938964844,79.26333109537761,102.0369972229004
78.58999633789062,79.05999755859375,78.7133305867513,99.24199523925782
78.48999786376953,78.58999633789062,77.8066635131836,99.0080047607422
76.33999633789062,78.48999786376953,76.99666595458984,96.13499603271485
76.16000366210938,76.33999633789062,75.48333231608073,98.00699920654297
73.94999694824219,76.16000366210938,75.16666666666667,99.21599960327148
75.38999938964844,73.94999694824219,75.21999867757161,98.38400039672852
76.31999969482422,75.38999938964844,75.79666646321614,100.16500396728516
75.68000030517578,76.31999969482422,76.35000101725261,100.99700317382813
77.05000305175781,75.68000030517578,76.80666859944661,101.60800476074219
77.69000244140625,77.05000305175781,77.63333638509114,103.58400039672851
78.16000366210938,77.69000244140625,78.51000213623047,104.59799880981446
79.68000030517578,78.16000366210938,79.43333435058594,100.8540023803711
80.45999908447266,79.68000030517578,79.24000040690105,99.65800476074219
77.58000183105469,80.45999908447266,78.23333485921223,98.43600158691406
76.66000366210938,77.58000183105469,76.65333557128906,99.68400039672852
75.72000122070312,76.66000366210938,76.35333506266277,97.24000396728516
76.68000030517578,75.72000122070312,75.73333485921223,92.7290023803711
74.80000305175781,76.68000030517578,74.27000172932942,87.89300079345703
71.33000183105469,74.80000305175781,71.24666849772136,88.85499801635743
67.61000061035156,71.33000183105469,69.09666697184245,86.76199722290039
68.3499984741211,67.61000061035156,67.56666564941406,87.93199920654297
66.73999786376953,68.3499984741211,67.57666524251302,90.12900238037109
67.63999938964844,66.73999786376953,67.90333302815755,92.17000198364258
69.33000183105469,67.63999938964844,69.29000091552734,90.94799880981445
70.9000015258789,69.33000183105469,70.06333414713542,90.0380027770996
69.95999908447266,70.9000015258789,70.04000091552734,94.65299682617187
69.26000213623047,69.95999908447266,70.67666625976562,95.15999603271484
72.80999755859375,69.26000213623047,71.7566655476888,94.86100158691407
73.19999694824219,72.80999755859375,72.99333190917969,96.68100357055664
72.97000122070312,73.19999694824219,73.51333363850911,98.37099761962891
74.37000274658203,72.97000122070312,74.33666737874348,104.5459976196289
75.66999816894531,74.37000274658203,76.81999969482422,104.92299880981446
80.41999816894531,75.66999816894531,78.93333180745442,104.79300079345704
80.70999908447266,80.41999816894531,80.57999928792317,104.90999603271484
80.61000061035156,80.70999908447266,80.67333221435547,103.6619972229004
80.69999694824219,80.61000061035156,80.3499984741211,105.98899841308594
79.73999786376953,80.69999694824219,80.6566645304362,108.23800277709961
81.52999877929688,79.73999786376953,81.50999959309895,106.8080047607422
83.26000213623047,81.52999877929688,82.31666819254558,107.27599563598633
82.16000366210938,83.26000213623047,82.64666748046875,105.0790023803711
82.5199966430664,82.16000366210938,81.83666737874348,105.11800079345703
80.83000183105469,82.5199966430664,81.40333302815755,102.90800476074219
80.86000061035156,80.83000183105469,80.28333536783855,100.47700119018555
79.16000366210938,80.86000061035156,79.10333506266277,101.23100357055664
77.29000091552734,79.16000366210938,78.10666910807292,102.38800277709962
77.87000274658203,77.29000091552734,77.97333526611328,100.1909996032715
78.76000213623047,77.87000274658203,77.9000015258789,96.59000396728516
77.06999969482422,78.76000213623047,76.71000162760417,97.18800277709961
74.30000305175781,77.06999969482422,75.37666829427083,99.81399841308594
74.76000213623047,74.30000305175781,75.28000132242839,98.35800476074219
76.77999877929688,74.76000213623047,75.73333485921223,93.15800476074219
75.66000366210938,76.77999877929688,74.7000020345052,89.17999801635743
71.66000366210938,75.66000366210938,71.97333526611328,89.12799682617188
68.5999984741211,71.66000366210938,69.6066665649414,92.74199523925782
68.55999755859375,68.5999984741211,69.49999745686848,95.10800476074219
71.33999633789062,68.55999755859375,71.01999918619792,95.82299880981445
73.16000366210938,71.33999633789062,72.73666636149089,94.32799682617188
73.70999908447266,73.16000366210938,73.1433334350586,92.13100357055664
72.55999755859375,73.70999908447266,72.37999979654948,91.05200119018555
70.87000274658203,72.55999755859375,71.1566670735677,92.44300079345703
70.04000091552734,70.87000274658203,70.67333475748698,92.11800079345703
71.11000061035156,70.04000091552734,70.67000071207683,94.6790023803711
70.86000061035156,71.11000061035156,71.60000101725261,93.41800079345704
72.83000183105469,70.86000061035156,71.85000101725261,93.01500396728515
71.86000061035156,72.83000183105469,72.08000183105469,93.5869972229004
71.55000305175781,71.86000061035156,71.8000005086263,94.78300476074219
71.98999786376953,71.55000305175781,72.1500015258789,96.64199523925781
72.91000366210938,71.98999786376953,73.07999928792317,93.37900238037109
74.33999633789062,72.91000366210938,73.02666727701823,94.4709976196289
71.83000183105469,74.33999633789062,72.94666544596355,90.29799880981446
72.66999816894531,71.83000183105469,71.31999969482422,88.51699523925781
69.45999908447266,72.66999816894531,70.07333119710286,91.12999801635742
68.08999633789062,69.45999908447266,69.21666463216145,93.26199722290039
70.0999984741211,68.08999633789062,69.97666422526042,93.79500198364258
71.73999786376953,70.0999984741211,71.32999928792317,93.26199722290039
72.1500015258789,71.73999786376953,71.87666575113933,94.28899841308593
71.73999786376953,72.1500015258789,72.13999938964844,92.67700119018555
72.52999877929688,71.73999786376953,71.85333251953125,91.2209976196289
71.29000091552734,72.52999877929688,71.32999928792317,87.25600357055664
70.16999816894531,71.29000091552734,69.52666727701823,90.24599761962891
67.12000274658203,70.16999816894531,68.90333302815755,88.75099563598633
69.41999816894531,67.12000274658203,68.26999918619792,91.80600357055664
68.2699966430664,69.41999816894531,69.43666585286458,93.31399841308594
70.62000274658203,68.2699966430664,70.22333272298177,91.65
71.77999877929688,70.62000274658203,70.96666717529297,94.28899841308593
70.5,71.77999877929688,71.60333251953125,90.36300277709961
72.52999877929688,70.5,70.84666697184245,89.90800476074219
69.51000213623047,72.52999877929688,70.4000015258789,90.18100357055664
69.16000366210938,69.51000213623047,69.34666951497395,88.00999603271485
69.37000274658203,69.16000366210938,68.7433344523112,90.42799682617188
67.69999694824219,69.37000274658203,68.87666575113933,90.81800079345703
69.55999755859375,67.69999694824219,69.03999837239583,91.83199920654297
69.86000061035156,69.55999755859375,70.01999918619792,90.72700119018555
70.63999938964844,69.86000061035156,70.09666697184245,93.32700119018556
69.79000091552734,70.63999938964844,70.74000040690105,93.34000396728516
71.79000091552734,69.79000091552734,71.12666829427083,96.01800079345703
71.80000305175781,71.79000091552734,72.48333485921223,94.88699722290039
73.86000061035156,71.80000305175781,72.88333384195964,97.2790023803711
72.98999786376953,73.86000061035156,73.8933334350586,98.47500000000001
74.83000183105469,72.98999786376953,74.52333323160808,99.95699920654297
75.75,74.83000183105469,75.82333374023438,98.0459976196289
76.88999938964844,75.75,76.01999918619792,96.39500198364259
75.41999816894531,76.88999938964844,75.48666636149089,98.47500000000001
74.1500015258789,75.41999816894531,75.1066665649414,97.95499801635742
75.75,74.1500015258789,75.08333333333333,98.31899642944336
75.3499984741211,75.75,75.57666524251302,100.1909996032715
75.62999725341797,75.3499984741211,76.01666514078777,102.3619972229004
77.06999969482422,75.62999725341797,77.14666493733723,103.51899642944336
78.73999786376953,77.06999969482422,78.47999827067058,102.41399841308593
79.62999725341797,78.73999786376953,79.0499979654948,104.11699523925782
78.77999877929688,79.62999725341797,79.49999745686848,104.75400238037109
80.08999633789062,78.77999877929688,79.81666564941406,106.34000396728516
80.58000183105469,80.08999633789062,80.82333374023438,105.78100357055665
81.80000305175781,80.58000183105469,81.25000254313152,103.3369972229004
81.37000274658203,81.80000305175781,80.8866678873698,106.01500396728515
79.48999786376953,81.37000274658203,80.80333455403645,107.66599960327149
81.55000305175781,79.48999786376953,81.28666687011719,106.52200317382812
82.81999969482422,81.55000305175781,82.10333506266277,107.7959976196289
81.94000244140625,82.81999969482422,82.56000010172527,109.72000198364258
82.91999816894531,81.94000244140625,83.08666737874348,107.66599960327149
84.4000015258789,82.91999816894531,83.37999979654948,108.14700317382812
82.81999969482422,84.4000015258789,83.47000122070312,107.26300277709962
83.19000244140625,82.81999969482422,82.84000142415364,105.2869972229004
82.51000213623047,83.19000244140625,82.23000081380208,103.19399642944336
80.98999786376953,82.51000213623047,80.95999908447266,104.50699920654297
79.37999725341797,80.98999786376953,80.25333150227864,105.625
80.38999938964844,79.37999725341797,80.33999888102214,104.93600158691406
81.25,80.38999938964844,80.78666687011719,104.45499801635742
80.72000122070312,81.25,80.77333323160808,102.55699920654297
80.3499984741211,80.72000122070312,79.98666636149089,102.76500396728515
78.88999938964844,80.3499984741211,79.43000030517578,103.7790023803711
79.05000305175781,78.88999938964844,79.25666809082031,104.12999801635742
79.83000183105469,79.05000305175781,79.66000111897786,105.5080047607422
80.0999984741211,79.83000183105469,80.36333465576172,106.11899642944336
81.16000366210938,80.0999984741211,80.96333312988281,108.71899642944337
81.62999725341797,81.16000366210938,82.13999938964844,111.21500396728516
83.62999725341797,81.62999725341797,83.60333251953125,112.69700317382812
85.55000305175781,83.62999725341797,85.29000091552734,113.80200119018555
86.69000244140625,85.55000305175781,86.5933354695638,112.93100357055664
87.54000091552734,86.69000244140625,87.03333536783855,113.76300277709962
86.87000274658203,87.54000091552734,87.30666859944661,113.47700119018555
87.51000213623047,86.87000274658203,87.22333526611328,115.49199523925782
87.29000091552734,87.51000213623047,87.87999979654948,115.07599563598633
88.83999633789062,87.29000091552734,88.21666463216145,117.20800476074218
88.5199966430664,88.83999633789062,89.17333221435547,118.00099563598633
90.16000366210938,88.5199966430664,89.81666564941406,118.92400436401367
90.7699966430664,90.16000366210938,90.80333455403644,118.55999603271486
91.4800033569336,90.7699966430664,91.1499989827474,117.36399841308594
91.1999969482422,91.4800033569336,90.98666636149088,116.51899642944336
90.27999877929688,91.1999969482422,90.36999766031902,117.03899841308593
89.62999725341797,90.27999877929688,89.97999827067058,116.58400039672851
90.02999877929688,89.62999725341797,89.77999877929688,117.50699920654297
89.68000030517578,90.02999877929688,90.03333282470703,121.78400039672852
90.38999938964844,89.68000030517578,91.25,119.22299880981446
93.68000030517578,90.38999938964844,91.92666625976562,118.02700119018554
91.70999908447266,93.68000030517578,92.06000010172528,115.46599960327148
90.79000091552734,91.70999908447266,90.43999989827472,115.99900436401367
88.81999969482422,90.79000091552734,89.61333465576172,109.48600158691407
89.2300033569336,88.81999969482422,87.42333475748698,107.00299682617188
84.22000122070312,89.2300033569336,85.25333404541016,107.62700119018555
82.30999755859375,84.22000122070312,83.1066665649414,112.29399642944337
82.79000091552734,82.30999755859375,83.82666524251302,111.76100158691406
86.37999725341797,82.79000091552734,85.04666646321614,108.5369972229004
85.97000122070312,86.37999725341797,85.27999877929688,107.78300476074219
83.48999786376953,85.97000122070312,84.12333424886067,113.99700317382813
82.91000366210938,83.48999786376953,84.69666798909505,112.65800476074219
87.69000244140625,82.91000366210938,85.75333658854167,112.65800476074219
86.66000366210938,87.69000244140625,87.00333658854167,114.8159996032715
86.66000366210938,86.66000366210938,87.21333567301433,116.18100357055664
88.31999969482422,86.66000366210938,88.11666870117188,115.375
89.37000274658203,88.31999969482422,88.81333414713542,111.13699722290039
88.75,89.37000274658203,87.87000020345052,108.8619972229004
85.48999786376953,88.75,85.99333190917969,111.00699920654297
83.73999786376953,85.48999786376953,84.87333170572917,108.17299880981446
85.38999938964844,83.73999786376953,84.1133321126302,111.20200119018556
83.20999908447266,85.38999938964844,84.71333312988281,107.00299682617188
85.54000091552734,83.20999908447266,83.68666585286458,105.32599563598633
82.30999755859375,85.54000091552734,82.9566650390625,104.57200317382812
81.0199966430664,82.30999755859375,81.2566655476888,107.19799880981445
80.44000244140625,81.0199966430664,81.30666605631511,104.6630027770996
82.45999908447266,80.44000244140625,81.1366678873698,105.0659996032715
80.51000213623047,82.45999908447266,81.26333363850911,100.58100357055665
80.81999969482422,80.51000213623047,79.56666819254558,97.9290023803711
77.37000274658203,80.81999969482422,77.84000142415364,98.4619972229004
75.33000183105469,77.37000274658203,76.14666748046875,100.32099761962891
75.73999786376953,75.33000183105469,76.07999928792317,101.73800277709961
77.16999816894531,75.73999786376953,77.05666605631511,101.73800277709961
78.26000213623047,77.16999816894531,77.89666748046875,99.65800476074219
78.26000213623047,78.26000213623047,77.72666931152344,94.77000198364259
76.66000366210938,78.26000213623047,75.94000244140625,98.65699920654298
72.9000015258789,76.66000366210938,75.1500015258789,100.87999801635742
75.88999938964844,72.9000015258789,75.46333312988281,101.10099563598634
77.5999984741211,75.88999938964844,77.08666483561198,100.22999801635743
77.7699966430664,77.5999984741211,77.48999786376953,98.20200119018556
77.0999984741211,77.7699966430664,76.80333201090495,97.31800079345703
75.54000091552734,77.0999984741211,75.83333333333333,99.33300476074218
74.86000061035156,75.54000091552734,75.60333506266277,101.21800079345704
76.41000366210938,74.86000061035156,76.37666829427083,98.74799880981446
77.86000061035156,76.41000366210938,76.7433344523112,96.29099960327149
75.95999908447266,77.86000061035156,75.96333312988281,94.95200119018556
74.06999969482422,75.95999908447266,74.3566665649414,94.01599960327148
73.04000091552734,74.06999969482422,73.1433334350586,90.19399642944336
72.31999969482422,73.04000091552734,71.57999928792317,90.14199523925781
69.37999725341797,72.31999969482422,70.34666442871094,92.59900436401368
69.33999633789062,69.37999725341797,69.98333231608073,92.71599960327148
71.2300033569336,69.33999633789062,70.62999979654948,89.19300079345703
71.31999969482422,71.2300033569336,70.3866678873698,90.31100158691406
68.61000061035156,71.31999969482422,69.8000005086263,93.0540023803711
69.47000122070312,68.61000061035156,69.8866678873698,92.85900039672852
71.58000183105469,69.47000122070312,70.82666778564453,94.21100158691407
71.43000030517578,71.58000183105469,71.82666778564453,95.47200317382813
72.47000122070312,71.43000030517578,72.44666798909505,96.48600158691407
73.44000244140625,72.47000122070312,73.37666829427083,96.05699920654297
74.22000122070312,73.44000244140625,73.85000101725261,95.62799682617188
73.88999938964844,74.22000122070312,73.88999938964844,98.24099960327149
73.55999755859375,73.88999938964844,74.33999888102214,96.34300079345704
75.56999969482422,73.55999755859375,74.41333262125652,93.30099563598633
74.11000061035156,75.56999969482422,73.81666564941406,93.14500198364259
71.7699966430664,74.11000061035156,72.50999959309895,91.49399642944336
71.6500015258789,71.7699966430664,71.26666514078777,94.50999603271485
70.37999725341797,71.6500015258789,71.57666524251302,93.84700317382813
72.69999694824219,70.37999725341797,71.7566655476888,95.95299682617188
72.19000244140625,72.69999694824219,72.89999898274739,92.00099563598633
73.80999755859375,72.19000244140625,72.2566655476888,93.9119972229004
70.7699966430664,73.80999755859375,72.27333068847656,92.78100357055665
72.23999786376953,70.7699966430664,71.45999908447266,93.62599563598633
71.37000274658203,72.23999786376953,71.87666575113933,94.48400039672852
72.0199966430664,71.37000274658203,72.02333323160808,94.12000198364258
72.68000030517578,72.0199966430664,72.36666615804036,94.32799682617188
72.4000015258789,72.68000030517578,72.54666646321614,96.3040023803711
72.55999755859375,72.4000015258789,73.01333363850911,95.4330047607422
74.08000183105469,72.55999755859375,73.35000101725261,97.74700317382813
73.41000366210938,74.08000183105469,74.22666931152344,96.68100357055664
75.19000244140625,73.41000366210938,74.32333628336589,97.61699523925782
74.37000274658203,75.19000244140625,74.88333384195964,100.56800079345703
75.08999633789062,74.37000274658203,75.6066665649414,101.4130027770996
77.36000061035156,75.08999633789062,76.81999969482422,99.81399841308594
78.01000213623047,77.36000061035156,77.38333384195964,101.16599960327149
76.77999877929688,78.01000213623047,77.53666687011719,98.60499801635743
77.81999969482422,76.77999877929688,76.81666564941406,95.96599960327148
75.8499984741211,77.81999969482422,75.82999928792317,93.96399841308595
73.81999969482422,75.8499984741211,73.98333231608073,94.61399841308594
72.27999877929688,73.81999969482422,72.95999908447266,95.30299682617188
72.77999877929688,72.27999877929688,72.78999837239583,96.01800079345703
73.30999755859375,72.77999877929688,73.31666564941406,99.08600158691407
73.86000061035156,73.30999755859375,74.46333312988281,99.89199523925781
76.22000122070312,73.86000061035156,75.63999938964844,99.99599761962891
76.83999633789062,76.22000122070312,76.65999857584636,101.23100357055664
76.91999816894531,76.83999633789062,77.20999908447266,99.63199920654297
77.87000274658203,76.91999816894531,77.1433334350586,101.43899841308594
76.63999938964844,77.87000274658203,77.51333363850911,102.94700317382812
78.02999877929688,76.63999938964844,77.95333353678386,101.63400039672852
79.19000244140625,78.02999877929688,78.46666717529297,101.28300476074219
78.18000030517578,79.19000244140625,78.42666880289714,102.19300079345703
77.91000366210938,78.18000030517578,78.23333485921223,99.43699722290039
78.61000061035156,77.91000366210938,77.67000071207683,100.8540023803711
76.48999786376953,78.61000061035156,77.56000010172527,102.53100357055665
77.58000183105469,76.48999786376953,77.64666748046875,102.10200119018555
78.87000274658203,77.58000183105469,78.33000183105469,101.73800277709961
78.54000091552734,78.87000274658203,78.55666859944661,103.96100158691407
78.26000213623047,78.54000091552734,78.92333475748698,102.3619972229004
79.97000122070312,78.26000213623047,78.99000040690105,101.59500198364258
78.73999786376953,79.97000122070312,78.95333353678386,102.86899642944336
78.1500015258789,78.73999786376953,78.67333221435547,102.60900039672852
79.12999725341797,78.1500015258789,78.73666636149089,101.4130027770996
78.93000030517578,79.12999725341797,78.68999989827473,101.30900039672852
78.01000213623047,78.93000030517578,78.29000091552734,100.82799682617188
77.93000030517578,78.01000213623047,77.83333333333333,103.63600158691406
77.55999755859375,77.93000030517578,78.40333302815755,105.63800277709962
79.72000122070312,77.55999755859375,79.51333363850911,105.35200119018555
81.26000213623047,79.72000122070312,80.67333475748698,107.53600158691407
81.04000091552734,81.26000213623047,81.67333475748698,108.51100158691406
82.72000122070312,81.04000091552734,82.41000111897786,106.18400039672852
83.47000122070312,82.72000122070312,82.62333424886067,105.39099960327148
81.68000030517578,83.47000122070312,82.07333374023438,104.81899642944336
81.06999969482422,81.68000030517578,81.12666575113933,106.53499603271484
80.62999725341797,81.06999969482422,81.21666463216145,106.10600357055664
81.94999694824219,80.62999725341797,81.39999898274739,105.75499801635742
81.62000274658203,81.94999694824219,81.63999938964844,108.12099761962891
81.3499984741211,81.62000274658203,82.04666646321614,108.82299880981445
83.16999816894531,81.3499984741211,82.74333190917969,110.69500198364258
83.70999908447266,83.16999816894531,84.00999959309895,111.05900039672852
85.1500015258789,83.70999908447266,84.76333363850911,112.56699523925782
85.43000030517578,85.1500015258789,85.72333272298177,112.98300476074219
86.58999633789062,85.43000030517578,86.31000010172527,112.35900039672852
86.91000366210938,86.58999633789062,86.6433334350586,110.79900436401367
86.43000030517578,86.91000366210938,86.19000244140625,112.07299880981445
85.2300033569336,86.43000030517578,85.95666758219402,110.52599563598633
86.20999908447266,85.2300033569336,85.48666636149089,111.35800476074219
85.0199966430664,86.20999908447266,85.62999979654948,111.03300476074219
85.66000366210938,85.0199966430664,85.36333465576172,110.96800079345704
85.41000366210938,85.66000366210938,85.47666931152344,107.49700317382813
85.36000061035156,85.41000366210938,84.48666890462239,107.54900436401367
82.69000244140625,85.36000061035156,83.5933354695638,108.08199920654297
82.7300033569336,82.69000244140625,82.85333506266277,107.70499801635742
83.13999938964844,82.7300033569336,82.9066670735677,108.36800079345703
82.8499984741211,83.13999938964844,83.11666615804036,107.65299682617187
83.36000061035156,82.8499984741211,83.0066655476888,108.64099960327148
82.80999755859375,83.36000061035156,83.24666595458984,109.00499801635742
83.56999969482422,82.80999755859375,83.40999857584636,107.41899642944337
83.8499984741211,83.56999969482422,83.3499984741211,106.50900039672852
82.62999725341797,83.8499984741211,82.80333201090495,102.7
81.93000030517578,82.62999725341797,81.18666585286458,102.63499603271485
79.0,81.93000030517578,79.95999908447266,101.54300079345704
78.94999694824219,79.0,78.68666585286458,102.02400436401368
78.11000061035156,78.94999694824219,78.51333363850911,101.89399642944336
78.4800033569336,78.11000061035156,78.32333374023438,102.68699722290039
78.37999725341797,78.4800033569336,78.61666615804036,103.0380027770996
78.98999786376953,78.37999725341797,78.87666575113933,101.73800277709961
79.26000213623047,78.98999786376953,78.83666737874348,102.85600357055664
78.26000213623047,79.26000213623047,78.88000233968098,101.42599563598633
79.12000274658203,78.26000213623047,78.46666717529297,102.21899642944337
78.0199966430664,79.12000274658203,78.58999888102214,102.99900436401367
78.62999725341797,78.0199966430664,78.62666575113933,104.07799682617188
79.2300033569336,78.62999725341797,79.30666605631511,103.74000396728516
80.05999755859375,79.2300033569336,79.69666798909505,103.0380027770996
79.80000305175781,80.05999755859375,79.70666758219402,100.84099960327148
79.26000213623047,79.80000305175781,78.87666829427083,99.93100357055664
77.56999969482422,79.26000213623047,77.9000015258789,101.03600158691407
76.87000274658203,77.56999969482422,77.3866678873698,103.7790023803711
77.72000122070312,76.87000274658203,78.14000193277995,102.99900436401367
79.83000183105469,77.72000122070312,78.92666880289714,101.28300476074219
79.2300033569336,79.83000183105469,78.99000295003255,100.0869972229004
77.91000366210938,79.2300033569336,78.0433349609375,96.48600158691407
76.98999786376953,77.91000366210938,76.37333424886067,95.22500000000001
74.22000122070312,76.98999786376953,74.81999969482422,96.29099960327149
73.25,74.22000122070312,73.84666697184245,98.21500396728516
74.06999969482422,73.25,74.29000091552734,98.18899841308594
75.55000305175781,74.06999969482422,75.0500005086263,101.06199722290039
75.52999877929688,75.55000305175781,76.27333323160808,101.27000198364259
77.73999786376953,75.52999877929688,77.05666605631511,102.05
77.9000015258789,77.73999786376953,78.04666646321614,102.20600357055665
78.5,77.9000015258789,78.34000142415364,101.98499603271485
78.62000274658203,78.5,78.52333323160808,104.4290023803711
78.44999694824219,78.62000274658203,79.13333384195964,106.04099960327149
80.33000183105469,78.44999694824219,80.11666615804036,106.82099761962891
81.56999969482422,80.33000183105469,81.3566665649414,104.94900436401367
82.16999816894531,81.56999969482422,81.49000040690105,106.11899642944336
80.7300033569336,82.16999816894531,81.50999959309895,105.0790023803711
81.62999725341797,80.7300033569336,81.06333414713542,105.17000198364258
80.83000183105469,81.62999725341797,81.12000020345052,106.26199722290039
80.9000015258789,80.83000183105469,81.1566670735677,106.00200119018555
81.73999786376953,80.9000015258789,81.3933334350586,108.39399642944336
81.54000091552734,81.73999786376953,82.21999867757161,107.65299682617187
83.37999725341797,81.54000091552734,82.57666524251302,109.04399642944337
82.80999755859375,83.37999725341797,83.35666402180989,108.10800476074219
83.87999725341797,82.80999755859375,83.28333282470703,107.0290023803711
83.16000366210938,83.87999725341797,83.12333424886067,105.83300476074218
82.33000183105469,83.16000366210938,82.30000305175781,106.72999801635743
81.41000366210938,82.33000183105469,81.94666798909505,107.40600357055665
82.0999984741211,81.41000366210938,82.0433349609375,106.87299880981446
82.62000274658203,82.0999984741211,82.31000010172527,106.48300476074219
82.20999908447266,82.62000274658203,82.24666849772136,104.98800277709961
81.91000366210938,82.20999908447266,81.62666829427083,107.70499801635742
80.76000213623047,81.91000366210938,81.84000142415364,107.66599960327149
82.8499984741211,80.76000213623047,82.1433334350586,104.16899642944337
82.81999969482422,82.8499984741211,81.93333180745442,103.71399841308595
80.12999725341797,82.81999969482422,80.90999857584636,100.04799880981446
79.77999877929688,80.12999725341797,78.9566650390625,100.86699523925782
76.95999908447266,79.77999877929688,78.10999806722005,101.76399841308594
77.58999633789062,76.95999908447266,77.60999806722005,100.3080047607422
78.27999877929688,77.58999633789062,77.67666625976562,98.55299682617188
77.16000366210938,78.27999877929688,77.08333333333333,97.14900436401368
75.80999755859375,77.16000366210938,75.9000015258789,101.28300476074219
74.7300033569336,75.80999755859375,76.1500015258789,99.20299682617188
77.91000366210938,74.7300033569336,76.31666819254558,95.57599563598633
76.30999755859375,77.91000366210938,75.91333262125652,94.82200317382812
73.5199966430664,76.30999755859375,74.2566655476888,95.15999603271484
72.94000244140625,73.5199966430664,73.21999867757161,97.79900436401367
73.19999694824219,72.94000244140625,73.79000091552734,99.04700317382813
75.2300033569336,73.19999694824219,74.87333424886067,99.89199523925781
76.19000244140625,75.2300033569336,76.08666737874348,104.07799682617188
76.83999633789062,76.19000244140625,77.69666544596355,101.85499801635743
80.05999755859375,76.83999633789062,78.41666412353516,100.07400436401367
78.3499984741211,80.05999755859375,78.46333312988281,101.60800476074219
76.9800033569336,78.3499984741211,77.83000183105469,99.64500198364259
78.16000366210938,76.9800033569336,77.26333618164062,96.68100357055664
76.6500015258789,78.16000366210938,76.39333597819011,96.25200119018555
74.37000274658203,76.6500015258789,75.02000172932942,93.50900039672852
74.04000091552734,74.37000274658203,73.44666798909505,94.9130027770996
71.93000030517578,74.04000091552734,72.9933344523112,97.2790023803711
73.01000213623047,71.93000030517578,73.25666809082031,100.64599761962891
74.83000183105469,73.01000213623047,75.08666737874348,98.18899841308594
77.41999816894531,74.83000183105469,75.92666625976562,96.87599563598633
75.52999877929688,77.41999816894531,75.82333119710286,98.6830047607422
74.5199966430664,75.52999877929688,75.31999969482422,95.61500396728516
75.91000366210938,74.5199966430664,74.66000111897786,91.44199523925782
73.55000305175781,75.91000366210938,73.26666768391927,89.95999603271484
70.33999633789062,73.55000305175781,71.02999877929688,89.89500198364259
69.19999694824219,70.33999633789062,69.5633316040039,87.9709976196289
69.1500015258789,69.19999694824219,68.67333221435547,89.32299880981445
67.66999816894531,69.1500015258789,68.50999959309895,85.47500000000001
68.70999908447266,67.66999816894531,67.37666575113933,87.50299682617188
65.75,68.70999908447266,67.2566655476888,89.66100158691407
67.30999755859375,65.75,67.3433329264323,89.24500198364258
68.97000122070312,67.30999755859375,68.31000010172527,91.11699523925782
68.6500015258789,68.97000122070312,69.23666636149089,92.54700317382813
70.08999633789062,68.6500015258789,69.97666676839192,92.1830047607422
71.19000244140625,70.08999633789062,70.73000081380208,93.53499603271484
70.91000366210938,71.19000244140625,71.35000101725261,93.49599761962891
71.94999694824219,70.91000366210938,71.5933329264323,91.48100357055664
71.91999816894531,71.94999694824219,71.41333262125652,93.02799682617187
70.37000274658203,71.91999816894531,71.28333282470703,90.59700317382813
71.55999755859375,70.37000274658203,70.54000091552734,87.9709976196289
69.69000244140625,71.55999755859375,69.63999938964844,88.63400039672852
67.66999816894531,69.69000244140625,68.51333363850911,88.62099761962891
68.18000030517578,67.66999816894531,68.0066655476888,90.7790023803711
68.16999816894531,68.18000030517578,68.72666676839192,91.12999801635742
69.83000183105469,68.16999816894531,69.36666615804036,95.82299880981445
70.0999984741211,69.83000183105469,71.21333312988281,96.69399642944336
73.70999908447266,70.0999984741211,72.72999827067058,100.28199920654298
74.37999725341797,73.70999908447266,75.07666524251302,95.64099960327148
77.13999938964844,74.37999725341797,75.02999877929688,95.2119972229004
73.56999969482422,77.13999938964844,74.64999898274739,98.60499801635743
73.23999786376953,73.56999969482422,74.21999867757161,98.22799682617188
75.8499984741211,73.23999786376953,74.88333129882812,95.9790023803711
75.55999755859375,75.8499984741211,75.07999928792317,91.75400238037109
73.83000183105469,75.55999755859375,73.32333374023438,91.50699920654297
70.58000183105469,73.83000183105469,71.60000101725261,91.87099761962891
70.38999938964844,70.58000183105469,70.54666646321614,89.98600158691407
70.66999816894531,70.38999938964844,70.0933329264323,91.72799682617188
69.22000122070312,70.66999816894531,70.14999898274739,93.71699523925781
70.55999755859375,69.22000122070312,70.62333170572917,92.00099563598633
72.08999633789062,70.55999755859375,71.13999684651692,91.24700317382813
70.7699966430664,72.08999633789062,71.01666514078777,93.31399841308594
70.19000244140625,70.7699966430664,70.91333262125652,87.59399642944337
71.77999877929688,70.19000244140625,69.78333282470703,87.37299880981446
67.37999725341797,71.77999877929688,68.78999837239583,89.19300079345703
67.20999908447266,67.37999725341797,67.73333231608073,90.0380027770996
68.61000061035156,67.20999908447266,68.36000061035156,90.3369972229004
69.26000213623047,68.61000061035156,69.12000020345052,92.91100158691407
69.48999786376953,69.26000213623047,70.07333374023438,93.5869972229004
71.47000122070312,69.48999786376953,70.98333231608073,93.19700317382812
71.98999786376953,71.47000122070312,71.71666717529297,94.06800079345703
71.69000244140625,71.98999786376953,72.01333363850911,91.49399642944336
72.36000061035156,71.69000244140625,71.47666676839192,88.45200119018556
70.37999725341797,72.36000061035156,70.25999959309895,88.55600357055664
68.04000091552734,70.37999725341797,68.84666697184245,88.95900039672851
68.12000274658203,68.04000091552734,68.19666798909505,89.30999603271485
68.43000030517578,68.12000274658203,68.41666666666667,87.12599563598633
68.69999694824219,68.43000030517578,68.0499979654948,89.90800476074219
67.0199966430664,68.69999694824219,68.29333241780598,90.20699920654297
69.16000366210938,67.0199966430664,68.52333323160808,89.53100357055665
69.38999938964844,69.16000366210938,69.14000193277995,91.12999801635742
68.87000274658203,69.38999938964844,69.45333353678386,92.6119972229004
70.0999984741211,68.87000274658203,70.06999969482422,89.62200317382813
71.23999786376953,70.0999984741211,70.0933329264323,89.40099563598633
68.94000244140625,71.23999786376953,69.64999898274739,89.33600158691407
68.7699966430664,68.94000244140625,68.81000010172527,88.4
68.72000122070312,68.7699966430664,68.49666595458984,88.52999801635742
68.0,68.72000122070312,68.27333323160808,90.92200317382813
68.0999984741211,68.0,68.68000030517578,89.10200119018555
69.94000244140625,68.0999984741211,68.86000061035156,88.79000396728516
68.54000091552734,69.94000244140625,68.92666880289714,87.35999603271485
68.30000305175781,68.54000091552734,68.01333363850911,88.88100357055664
67.19999694824219,68.30000305175781,67.95666758219402,89.16699523925782
68.37000274658203,67.19999694824219,68.05333201090495,91.37700119018555
68.58999633789062,68.37000274658203,69.08333333333333,91.02599563598633
70.29000091552734,68.58999633789062,69.63333129882812,92.67700119018555
70.0199966430664,70.29000091552734,70.53333282470703,91.92299880981446
71.29000091552734,70.0199966430664,70.67333221435547,91.1040023803711
70.70999908447266,71.29000091552734,70.69333394368489,91.75400238037109
70.08000183105469,70.70999908447266,70.45666758219402,90.8830047607422
70.58000183105469,70.08000183105469,70.19000244140625,90.29799880981446
69.91000366210938,70.58000183105469,69.98333485921223,90.01199722290039
69.45999908447266,69.91000366210938,69.53666687011719,91.12999801635742
69.23999786376953,69.45999908447266,69.5999984741211,90.50600357055664
70.0999984741211,69.23999786376953,69.65333302815755,91.77999801635742
69.62000274658203,70.0999984741211,70.1066665649414,92.2869972229004
70.5999984741211,69.62000274658203,70.40333302815755,93.23600158691407
70.98999786376953,70.5999984741211,71.10333251953125,95.06899642944336
71.72000122070312,70.98999786376953,71.94666544596355,96.14799880981445
73.12999725341797,71.72000122070312,72.93666585286458,95.62799682617188
73.95999908447266,73.12999725341797,73.5499979654948,96.525
73.55999755859375,73.95999908447266,73.92333221435547,95.3159996032715
74.25,73.55999755859375,73.70999908447266,96.0959976196289
73.31999969482422,74.25,73.82999928792317,99.54099960327149
73.91999816894531,73.31999969482422,74.60333251953125,102.46599960327148
76.56999969482422,73.91999816894531,76.43666585286458,100.75
78.81999969482422,76.56999969482422,77.62999979654948,104.05200119018555
77.5,78.81999969482422,78.78666687011719,102.28400039672852
80.04000091552734,77.5,78.74000040690105,101.24399642944336
78.68000030517578,80.04000091552734,78.86666615804036,98.65699920654298
77.87999725341797,78.68000030517578,77.48333231608073,98.07200317382812
75.88999938964844,77.87999725341797,76.40333302815755,97.00600357055664
75.44000244140625,75.88999938964844,75.31666819254558,97.0580047607422
74.62000274658203,75.44000244140625,74.90666961669922,95.12099761962891
74.66000366210938,74.62000274658203,74.1500015258789,95.90099563598633
73.16999816894531,74.66000366210938,73.86666615804036,94.40600357055665
73.7699966430664,73.16999816894531,73.18666585286458,94.54900436401367
72.62000274658203,73.7699966430664,73.04000091552734,94.28899841308593
72.7300033569336,72.62000274658203,72.62666829427083,95.10800476074219
72.52999877929688,72.7300033569336,72.80666859944661,94.50999603271485
73.16000366210938,72.52999877929688,72.79666646321614,92.33899841308595
72.69999694824219,73.16000366210938,72.29666646321614,91.79300079345704
71.02999877929688,72.69999694824219,71.44666544596355,92.3
70.61000061035156,71.02999877929688,70.87999979654948,94.01599960327148
71.0,70.61000061035156,71.31000010172527,95.3159996032715
72.31999969482422,71.0,72.21333312988281,92.78100357055665
73.31999969482422,72.31999969482422,72.33666737874348,92.67700119018555
71.37000274658203,73.31999969482422,71.9933344523112,91.9619972229004
71.29000091552734,71.37000274658203,71.13333384195964,93.40499801635742
70.73999786376953,71.29000091552734,71.29333241780598,93.925
71.8499984741211,70.73999786376953,71.6133321126302,94.34099960327148
72.25,71.8499984741211,72.22333272298177,91.52000198364259
72.56999969482422,72.25,71.74000040690105,91.90999603271484
70.4000015258789,72.56999969482422,71.22333272298177,89.60900039672852
70.69999694824219,70.4000015258789,70.00999959309895,89.20600357055665
68.93000030517578,70.69999694824219,69.41666666666667,91.45499801635742
68.62000274658203,68.93000030517578,69.3000005086263,90.68800277709961
70.3499984741211,68.62000274658203,69.57666778564453,88.88100357055664
69.76000213623047,70.3499984741211,69.4933344523112,88.73800277709961
68.37000274658203,69.76000213623047,68.79666900634766,86.20299682617188
68.26000213623047,68.37000274658203,67.64666748046875,86.26800079345703
66.30999755859375,68.26000213623047,66.97666676839192,87.15200119018554
66.36000061035156,66.30999755859375,66.56999969482422,85.83899841308595
67.04000091552734,66.36000061035156,66.47666676839192,86.125
66.02999877929688,67.04000091552734,66.43999989827473,87.98400039672852
66.25,66.02999877929688,66.65333302815755,86.51500396728515
67.68000030517578,66.25,66.82666778564453,87.33400039672851
66.55000305175781,67.68000030517578,67.1366678873698,87.8540023803711
67.18000030517578,66.55000305175781,67.10333506266277,86.97000198364258
67.58000183105469,67.18000030517578,67.22000122070312,87.3080047607422
66.9000015258789,67.58000183105469,67.21333567301433,88.73800277709961
67.16000366210938,66.9000015258789,67.44000244140625,88.76399841308594
68.26000213623047,67.16000366210938,67.9000015258789,89.84300079345704
68.27999877929688,68.26000213623047,68.5500005086263,89.7
69.11000061035156,68.27999877929688,68.79666646321614,90.54500198364258
69.0,69.11000061035156,69.25333404541016,90.89599761962891
69.6500015258789,69.0,69.52333323160808,90.16800079345704
69.91999816894531,69.6500015258789,69.6433334350586,92.92400436401367
69.36000061035156,69.91999816894531,70.25333404541016,92.55999603271485
71.4800033569336,69.36000061035156,70.68000030517578,93.22299880981446
71.19999694824219,71.4800033569336,71.46333312988281,87.03499603271484
71.70999908447266,71.19999694824219,69.95333099365234,80.58700218200684
66.94999694824219,71.70999908447266,66.88333257039388,78.91000099182129
61.9900016784668,66.94999694824219,63.21333312988281,77.4540023803711
60.70000076293945,61.9900016784668,60.75666809082031,81.05499801635742
59.58000183105469,60.70000076293945,60.87666702270508,78.09099960327148
62.34999847412109,59.58000183105469,60.66666666666666,79.95
60.06999969482422,62.34999847412109,61.3066660563151,79.98899841308595
61.5,60.06999969482422,61.03333282470703,79.7290023803711
61.52999877929688,61.5,61.45333353678385,81.21100158691407
61.33000183105469,61.52999877929688,61.77666727701823,84.08400039672851
62.470001220703125,61.33000183105469,62.82666778564453,82.00400238037109
64.68000030517578,62.470001220703125,63.41000111897787,83.60299682617188
63.08000183105469,64.68000030517578,64.02333323160808,80.95100059509278
64.30999755859375,63.08000183105469,63.21999994913737,81.62700119018555
62.27000045776367,64.30999755859375,63.12333297729492,81.92600059509277
62.790000915527344,62.27000045776367,62.6933339436849,80.66499900817871
63.02000045776367,62.790000915527344,62.62000020345052,78.5459976196289
62.04999923706055,63.02000045776367,61.82999928792318,75.67299880981446
60.41999816894531,62.04999923706055,60.22666549682617,77.01200218200684
58.209999084472656,60.41999816894531,59.28999964396159,75.77700119018554
59.2400016784668,58.209999084472656,58.58000055948893,74.26900138854981
58.290000915527344,59.2400016784668,58.220001220703125,76.81700019836425
57.130001068115234,58.290000915527344,58.17000071207682,75.49099960327149
59.09000015258789,57.130001068115234,58.096666971842446,77.88299980163575
58.06999969482422,59.09000015258789,59.02333323160807,79.32600059509278
59.90999984741211,58.06999969482422,59.66666666666666,80.53500099182129
61.02000045776367,59.90999984741211,60.960000356038414,82.77099761962891
61.95000076293945,61.02000045776367,62.21333312988281,82.09500198364258
63.66999816894531,61.95000076293945,62.923333485921226,80.1059986114502
63.150001525878906,63.66999816894531,62.813332875569664,81.23700218200683
61.619998931884766,63.150001525878906,62.42000071207682,81.49699821472167
62.4900016784668,61.619998931884766,62.26666641235352,81.32800178527832
62.68999862670898,62.4900016784668,62.58000055948893,80.04099960327149
62.560001373291016,62.68999862670898,62.27333323160807,79.5600009918213
61.56999969482422,62.560001373291016,61.77666727701823,79.98899841308595
61.20000076293945,61.56999969482422,61.43333307902018,79.15699920654298
61.52999877929688,61.20000076293945,61.20666631062826,80.39200019836426
60.88999938964844,61.52999877929688,61.41999944051107,79.22199821472168
61.84000015258789,60.88999938964844,61.22333272298177,79.02700119018554
60.93999862670898,61.84000015258789,61.18999989827474,81.27600059509278
60.790000915527344,60.93999862670898,61.41666666666666,82.43299980163575
62.52000045776367,60.790000915527344,62.24000040690104,81.70499801635742
63.40999984741211,62.52000045776367,62.926666259765625,82.3809986114502
62.84999847412109,63.40999984741211,63.209999084472656,83.9540023803711
63.369998931884766,62.84999847412109,63.59999974568685,84.87700119018555
64.58000183105469,63.369998931884766,64.41333389282227,84.47400436401368
65.29000091552734,64.58000183105469,64.9500020345052,88.59500198364258
64.9800033569336,65.29000091552734,66.14000193277995,88.45200119018556
68.1500015258789,64.9800033569336,67.05666859944661,94.87400436401367
68.04000091552734,68.1500015258789,69.72333526611328,93.30099563598633
72.9800033569336,68.04000091552734,70.93000030517578,97.29199523925782
71.7699966430664,72.9800033569336,73.19666544596355,97.68199920654297
74.83999633789062,71.7699966430664,73.91666412353516,97.40900039672852
75.13999938964844,74.83999633789062,74.96999867757161,89.06300277709961
74.93000030517578,75.13999938964844,72.86000061035156,83.68100357055664
68.51000213623047,74.93000030517578,69.27000172932942,84.39599761962891
64.37000274658203,68.51000213623047,65.93333435058594,84.81199722290039
64.91999816894531,64.37000274658203,64.8433329264323,85.17599563598633
65.23999786376953,64.91999816894531,65.22666422526042,84.64300079345703
65.5199966430664,65.23999786376953,65.28999837239583,85.08499603271484
65.11000061035156,65.5199966430664,65.35999806722005,87.68499603271485
65.44999694824219,65.11000061035156,66.00333150227864,87.10000000000001
67.44999694824219,65.44999694824219,66.63333129882812,86.45
67.0,67.44999694824219,66.98333231608073,88.30900039672852
66.5,67.0,67.1433334350586,88.8290023803711
67.93000030517578,66.5,67.58666737874348,88.89399642944336
68.33000183105469,67.93000030517578,68.21333312988281,86.54099960327149
68.37999725341797,68.33000183105469,67.75999959309895,88.98499603271485
66.56999969482422,68.37999725341797,67.7999979654948,87.07400436401367
68.44999694824219,66.56999969482422,67.33333333333333,86.47599563598634
66.9800033569336,68.44999694824219,67.31666564941406,86.29399642944337
66.5199966430664,66.9800033569336,66.62666575113933,87.80200119018555
66.37999725341797,66.5199966430664,66.8133316040039,87.54199523925782
67.54000091552734,66.37999725341797,67.08666483561198,87.35999603271485
67.33999633789062,67.54000091552734,67.35999806722005,86.07299880981445
67.19999694824219,67.33999633789062,66.91666412353516,84.825
66.20999908447266,67.19999694824219,66.21999867757161,85.83899841308595
65.25,66.20999908447266,65.82999928792317,84.70800476074218
66.02999877929688,65.25,65.48000081380208,86.72299880981446
65.16000366210938,66.02999877929688,65.96666717529297,89.97299880981446
66.70999908447266,65.16000366210938,67.02666727701823,91.0
69.20999908447266,66.70999908447266,68.63999938964844,90.0380027770996
70.0,69.20999908447266,69.49000040690105,87.5290023803711
69.26000213623047,70.0,68.86333465576172,86.17700119018555
67.33000183105469,69.26000213623047,67.62666829427083,84.70800476074218
66.29000091552734,67.33000183105469,66.26000213623047,83.65499801635742
65.16000366210938,66.29000091552734,65.26666768391927,83.0440013885498
64.3499984741211,65.16000366210938,64.46333440144856,83.0440013885498
63.880001068115234,64.3499984741211,64.03666687011719,83.14799880981445
63.880001068115234,63.880001068115234,63.90666707356771,82.12099761962891
63.959999084472656,63.880001068115234,63.66999944051107,81.44500198364258
63.16999816894531,63.959999084472656,63.25999959309896,83.14799880981445
62.650001525878906,63.16999816894531,63.25999959309896,81.63999900817872
63.959999084472656,62.650001525878906,63.13666661580404,82.44599761962891
62.79999923706055,63.959999084472656,63.39333216349284,81.05499801635742
63.41999816894531,62.79999923706055,62.85666529337565,82.17299880981446
62.34999847412109,63.41999816894531,62.99333190917969,82.57600059509278
63.209999084472656,62.34999847412109,63.02666600545248,82.75799980163575
63.52000045776367,63.209999084472656,63.46333312988281,84.24000396728516
63.65999984741211,63.52000045776367,63.9933344523112,82.22500000000001
64.80000305175781,63.65999984741211,63.903334299723305,83.39500198364259
63.25,64.80000305175781,64.06666819254558,83.97999801635743
64.1500015258789,63.25,64.0,83.21300277709962
64.5999984741211,64.1500015258789,64.25333404541016,85.26699523925781
64.01000213623047,64.5999984741211,64.73333231608073,83.16100158691407
65.58999633789062,64.01000213623047,64.52333323160808,82.52399940490723
63.970001220703125,65.58999633789062,64.34666570027669,80.43099861145019
63.47999954223633,63.970001220703125,63.106666564941406,80.93799781799316
61.869998931884766,63.47999954223633,62.53666559855143,81.4190013885498
62.2599983215332,61.869998931884766,62.2533327738444,82.77099761962891
62.630001068115234,62.2599983215332,62.85333251953125,81.0809986114502
63.66999816894531,62.630001068115234,62.88999938964844,81.49699821472167
62.369998931884766,63.66999816894531,62.90999857584635,82.28999900817871
62.68999862670898,62.369998931884766,62.78666559855143,83.87599563598633
63.29999923706055,62.68999862670898,63.50333150227865,83.26500396728515
64.5199966430664,63.29999923706055,63.95666631062826,82.64099960327148
64.05000305175781,64.5199966430664,64.04666646321614,81.48400039672852
63.56999969482422,64.05000305175781,63.43333435058594,81.43199920654297
62.68000030517578,63.56999969482422,62.96333312988281,82.43299980163575
62.63999938964844,62.68000030517578,62.90999984741211,84.4869972229004
63.40999984741211,62.63999938964844,63.67999903361002,84.47400436401368
64.98999786376953,63.40999984741211,64.4600003560384,85.43600158691406
64.9800033569336,64.98999786376953,65.23000081380208,82.4850009918213
65.72000122070312,64.9800033569336,64.71666844685872,81.0809986114502
63.45000076293945,65.72000122070312,63.846666971842446,80.31399841308595
62.369998931884766,63.45000076293945,62.53333282470703,78.62399940490722
61.77999877929688,62.369998931884766,61.54333241780599,79.14400138854981
60.47999954223633,61.77999877929688,61.04666646321615,80.19699821472167
60.880001068115234,60.47999954223633,61.01666641235352,80.24899940490722
61.68999862670898,60.880001068115234,61.43333307902018,81.31499900817872
61.72999954223633,61.68999862670898,61.98999913533529,79.96299781799317
62.54999923706055,61.72999954223633,61.92999903361002,76.57000198364258
61.5099983215332,62.54999923706055,60.98666636149088,77.33700218200684
58.900001525878906,61.5099983215332,59.96666717529297,76.3100009918213
59.4900016784668,58.900001525878906,59.03000132242838,75.75100059509278
58.70000076293945,59.4900016784668,58.820000966389976,74.69799880981445
58.27000045776367,58.70000076293945,58.143333435058594,74.80200119018555
57.459999084472656,58.27000045776367,57.75666681925456,74.77600059509278
57.540000915527344,57.459999084472656,57.50666681925456,75.16599960327149
57.52000045776367,57.540000915527344,57.62666702270508,76.05
57.81999969482422,57.52000045776367,57.9466667175293,80.32700119018556
58.5,57.81999969482422,59.37000020345052,79.95
61.790000915527344,58.5,60.596666971842446,79.70300178527832
61.5,61.790000915527344,61.53333409627279,78.19500198364258
61.310001373291016,61.5,60.98666763305664,78.62399940490722
60.150001525878906,61.310001373291016,60.64666748046875,78.74099960327149
60.47999954223633,60.150001525878906,60.40000025431315,79.27399940490723
60.56999969482422,60.47999954223633,60.676666259765625,79.36499900817871
60.97999954223633,60.56999969482422,60.86666615804037,78.72800178527832
61.04999923706055,60.97999954223633,60.86333338419596,77.47999801635741
60.560001373291016,61.04999923706055,60.403333028157554,77.25900039672852
59.59999847412109,60.560001373291016,59.86333338419596,77.675
59.43000030517578,59.59999847412109,59.59333292643229,78.1690013885498
59.75,59.43000030517578,59.77000045776367,79.35200119018555
60.130001068115234,59.75,60.30666732788086,76.03700218200684
61.040000915527344,60.130001068115234,59.88666788736979,76.29699821472167
58.4900016784668,61.040000915527344,59.40666707356771,78.11700019836427
58.68999862670898,58.4900016784668,59.09000015258789,77.88299980163575
60.09000015258789,58.68999862670898,59.563332875569664,78.96200218200684
59.90999984741211,60.09000015258789,60.2466672261556,77.27199821472168
60.7400016784668,59.90999984741211,60.03000005086263,76.88199920654297
59.43999862670898,60.7400016784668,59.77333323160807,75.47800178527832
59.13999938964844,59.43999862670898,58.87999979654948,76.49200019836427
58.060001373291016,59.13999938964844,58.68000030517578,75.33500099182129
58.84000015258789,58.060001373291016,58.28333409627279,76.24500198364258
57.95000076293945,58.84000015258789,58.480000813802086,76.11499900817871
58.650001525878906,57.95000076293945,58.38333384195963,77.11599960327149
58.54999923706055,58.650001525878906,58.84000015258789,76.23199920654297
59.31999969482422,58.54999923706055,58.83666610717773,76.63500099182129
58.63999938964844,59.31999969482422,58.96999994913737,77.57099761962891
58.95000076293945,58.63999938964844,59.08666610717773,78.1040023803711
59.66999816894531,58.95000076293945,59.56666692097982,76.5440013885498
60.08000183105469,59.66999816894531,59.54333368937174,75.72500000000001
58.880001068115234,60.08000183105469,59.070000966389976,75.99799880981446
58.25,58.880001068115234,58.53000005086263,74.87999801635742
58.459999084472656,58.25,58.10333251953125,74.67199821472167
57.59999847412109,58.459999084472656,57.83333206176757,73.86599960327149
57.43999862670898,57.59999847412109,57.28666559855142,71.85100059509277
56.81999969482422,57.43999862670898,56.50999959309896,72.72199821472168
55.27000045776367,56.81999969482422,56.00999959309896,72.99500198364258
55.93999862670898,55.27000045776367,55.78666687011719,73.65799980163574
56.150001525878906,55.93999862670898,56.25,75.41299781799317
56.65999984741211,56.150001525878906,56.93999989827474,75.89400138854981
58.0099983215332,56.65999984741211,57.68333307902018,75.85499801635741
58.380001068115234,58.0099983215332,58.24666595458984,73.76200218200684
58.34999847412109,58.380001068115234,57.823333740234375,75.50400238037109
56.7400016784668,58.34999847412109,57.72333399454752,75.33500099182129
58.08000183105469,56.7400016784668,57.59000142415365,74.64599761962891
57.95000076293945,58.08000183105469,57.81666692097982,74.51599960327148
57.41999816894531,57.95000076293945,57.563332875569664,75.8159996032715
57.31999969482422,57.41999816894531,57.686665852864586,74.26900138854981
58.31999969482422,57.31999969482422,57.59000015258789,72.78700218200684
57.130001068115234,58.31999969482422,57.14666748046875,75.08799781799317
55.9900016784668,57.130001068115234,56.960000356038414,76.8559986114502
57.7599983215332,55.9900016784668,57.62333297729492,77.35000000000001
59.119998931884766,57.7599983215332,58.79333241780599,79.49500198364258
59.5,59.119998931884766,59.923333485921226,80.62600059509278
61.150001525878906,59.5,60.8900006612142,76.94699821472167
62.02000045776367,61.150001525878906,60.78666687011719,77.27199821472168
59.18999862670898,62.02000045776367,60.2166659037272,78.44200019836425
59.43999862670898,59.18999862670898,59.656665802001946,78.80599861145019
60.34000015258789,59.43999862670898,60.13333257039388,77.16800079345704
60.619998931884766,60.34000015258789,60.106666564941406,79.39099960327148
59.36000061035156,60.619998931884766,60.34999974568685,78.81900138854981
61.06999969482422,59.36000061035156,60.35333379109701,81.10699920654297
60.630001068115234,61.06999969482422,61.36333338419596,82.17299880981446
62.38999938964844,60.630001068115234,62.07666651407877,85.0459976196289
63.209999084472656,62.38999938964844,63.67333221435547,84.77299880981445
65.41999816894531,63.209999084472656,64.6133321126302,80.78199920654298
65.20999908447266,65.41999816894531,64.2566655476888,82.17299880981446
62.13999938964844,65.20999908447266,63.51999918619792,84.68199920654297
63.209999084472656,62.13999938964844,63.49666595458984,82.27700119018554
65.13999938964844,63.209999084472656,63.87999979654948,82.61499900817871
63.290000915527344,65.13999938964844,63.993333180745445,83.66800079345704
63.54999923706055,63.290000915527344,63.73333358764648,83.14799880981445
64.36000061035156,63.54999923706055,63.95666631062826,84.01899642944336
63.959999084472656,64.36000061035156,64.31666564941406,81.69200019836425
64.62999725341797,63.959999084472656,63.80999883015951,81.75699920654297
62.84000015258789,64.62999725341797,63.4533322652181,81.0290023803711
62.88999938964844,62.84000015258789,62.686667124430336,84.74700317382813
62.33000183105469,62.88999938964844,63.470001220703125,86.35900039672852
65.19000244140625,62.33000183105469,64.6500015258789,86.30699920654297
66.43000030517578,65.19000244140625,66.00333404541016,86.20299682617188
66.38999938964844,66.43000030517578,66.37666575113933,85.31899642944336
66.30999755859375,66.38999938964844,66.10999806722005,85.0459976196289
65.62999725341797,66.30999755859375,65.78666432698567,84.77299880981445
65.41999816894531,65.62999725341797,65.41999816894531,87.12599563598633
65.20999908447266,65.41999816894531,65.88333129882812,92.59900436401368
67.0199966430664,65.20999908447266,67.81999969482422,96.92799682617188
71.2300033569336,67.0199966430664,70.93666585286458,97.0580047607422
74.55999755859375,71.2300033569336,73.48333485921223,105.31300277709961
74.66000366210938,74.55999755859375,76.7433344523112,118.17000198364258
81.01000213623047,74.66000366210938,82.19000244140625,123.20099563598633
90.9000015258789,81.01000213623047,88.8933334350586,108.48499603271485
94.7699966430664,90.9000015258789,89.7066650390625,113.425
83.44999694824219,94.7699966430664,88.48999786376953,124.44900436401367
87.25,83.44999694824219,88.81000010172527,128.32299880981446
95.7300033569336,87.25,93.89666748046876,121.55
98.70999908447266,95.7300033569336,95.98000081380208,125.07299880981446
93.5,98.70999908447266,96.13999938964844,125.21599960327148
96.20999908447266,93.5,95.3433329264323,124.98199920654298
96.31999969482422,96.20999908447266,96.22333272298177,127.8159996032715
96.13999938964844,96.31999969482422,96.92666625976562,114.56899642944336
98.31999969482422,96.13999938964844,94.19666544596356,120.05499801635743
88.12999725341797,98.31999969482422,92.93333180745442,117.41599960327149
92.3499984741211,88.12999725341797,90.26666514078777,122.82400436401367
90.31999969482422,92.3499984741211,92.38333384195964,129.53199920654296
94.4800033569336,90.31999969482422,94.81333414713542,133.74399642944334
99.63999938964844,94.4800033569336,99.0,131.79399642944335
102.87999725341795,99.63999938964844,101.2999979654948,130.15600357055666
101.37999725341795,102.87999725341795,101.45999908447266,145.00200119018555
100.12000274658205,101.37999725341795,104.34666697184244,146.13300476074218
111.54000091552734,100.12000274658205,108.02333577473958,146.83499603271486
112.41000366210938,111.54000091552734,112.3000005086263,122.73300476074219
112.9499969482422,112.41000366210938,106.59000142415364,127.23100357055667
94.41000366210938,112.9499969482422,101.74333445231122,125.54099960327149
97.87000274658205,94.41000366210938,96.28333536783856,128.8040023803711
96.56999969482422,97.87000274658205,97.84000142415364,118.66399841308593
99.08000183105467,96.56999969482422,95.6433334350586,118.67700119018555
91.27999877929688,99.08000183105467,93.88333384195964,123.09700317382811
91.29000091552734,91.27999877929688,92.42000071207684,109.00499801635742
94.69000244140624,91.29000091552734,89.94333394368489,116.49300079345703
83.8499984741211,94.69000244140624,89.38333384195964,119.76899642944335
89.61000061035156,83.8499984741211,88.52999877929688,120.84799880981446
92.12999725341795,89.61000061035156,91.56666564941406,124.60499801635743
92.95999908447266,92.12999725341795,93.64666493733723,122.72000198364258
95.8499984741211,92.95999908447266,94.40333302815756,125.28100357055666
94.4000015258789,95.8499984741211,95.54000091552734,129.90900039672852
96.37000274658205,94.4000015258789,96.9000015258789,138.94399642944336
99.93000030517578,96.37000274658205,101.06000010172528,136.59099960327148
106.87999725341795,99.93000030517578,103.95999908447266,132.52200317382812
105.06999969482422,106.87999725341795,104.62999979654948,138.34599761962892
101.94000244140624,105.06999969482422,104.47666676839192,132.95099563598635
106.41999816894533,101.94000244140624,103.54333241780598,123.60400238037109
102.2699966430664,106.41999816894533,101.2566655476888,123.2529968261719
95.08000183105467,102.2699966430664,97.38666534423828,124.04599761962893
94.80999755859376,95.08000183105467,95.10333251953124,127.49099960327149
95.41999816894533,94.80999755859376,96.0999984741211,132.83400039672853
98.06999969482422,95.41999816894533,98.55666605631512,131.32599563598635
102.18000030517578,98.06999969482422,100.42333221435548,131.52099761962893
101.0199966430664,102.18000030517578,101.4566650390625,137.04599761962893
101.16999816894533,101.0199966430664,102.5366643269857,141.25800476074218
105.41999816894533,101.16999816894533,105.08333333333336,140.10099563598632
108.66000366210938,105.41999816894533,107.28333282470705,127.73800277709964
107.7699966430664,108.66000366210938,104.89666748046876,125.25499801635743
98.26000213623048,107.7699966430664,100.79333241780598,125.57999801635742
96.3499984741211,98.26000213623048,97.06999969482422,122.05699920654297
96.5999984741211,96.3499984741211,95.6133321126302,115.28400039672852
93.88999938964844,96.5999984741211,93.05666605631512,115.57000198364258
88.68000030517578,93.88999938964844,90.49000040690105,113.56800079345703
88.9000015258789,88.68000030517578,88.31333414713542,119.8080047607422
87.36000061035156,88.9000015258789,89.47333526611328,121.88800277709963
92.16000366210938,87.36000061035156,91.0933354695638,124.82599563598633
93.76000213623048,92.16000366210938,93.98000081380208,120.95200119018556
96.0199966430664,93.76000213623048,94.27333323160808,117.70200119018556
93.04000091552734,96.0199966430664,93.1999994913737,118.69000396728514
90.54000091552734,93.04000091552734,91.62666829427084,114.65999603271484
91.3000030517578,90.54000091552734,90.01333363850911,116.93499603271485
